Book Id,Title,Author,Author l-f,Additional Authors,ISBN,ISBN13,My Rating,Average Rating,Publisher,Binding,Number of Pages,Year Published,Original Publication Year,Date Read,Date Added,Bookshelves,Bookshelves with positions,Exclusive Shelf,My Review,Spoiler,Private Notes,Read Count,Owned Copies
17800,Dance Dance Dance,Haruki Murakami,"Murakami, Haruki",Alfred Birnbaum,"=""0099448769""","=""9780099448761""",2,4.04,Vintage,Paperback,393,2002,1988,2026/02/14,2026/02/13,,,read,"Dance Dance Dance what a book !! And by that really what the hell. <br/><br/>If we Start at Starting , I guess it's bit interesting the premise of it. Though the middle goes no where and end is just terrible.<br/><br/>Keeping in line with other Murakami books it leaves lot more questions unanswered then answered. There is ambiguity almost for the sake of it.<br/><br/>This is one of those book where there isn't a guy or girl obsessed with reading book though there is an author Hiraku M something.<br/><br/>No cats talking but a sheep man.<br/><br/>And I don't think I am inclined for another Murakami now, it's just grrr... Yuki 's character was just, why was it the it was. It was overt sexualization for no reason.<br/><br/>There is no rhyme or reason in the book.<br/><br/>One thing is clear Murakami can write other things may be what the hell is he writing.<br/><br/>I guess my rating would be Norwegian Woods and Kafka on the shore on top followed by 1Q84 and then books like after Dark and Dance Dance Dance at bottom tier.<br/><br/>Grr..I really wanted this book to be more enjoyable but I did finish. But I did finish reading which is more than what I can say for many others I tried this year.",,,1,0
6334,Never Let Me Go,Kazuo Ishiguro,"Ishiguro, Kazuo",,"=""1400078776""","=""9781400078776""",2,3.85,Vintage Books ,Paperback,288,2010,2005,2026/01/13,2026/01/12,,,read,"Two stars for the book is perhaps low, but this was my experience. Not necessarily because the book was bad, but I was expecting something else.<br/><br/><br/>I dived into this after reading Remains of the Day, and this was a big let down compared to that. From the writing to genre to everything it felt like a completely different author.<br/><br/>It didn't help that I wasn't quite expecting a dystopian novel or that I had to read through the entire thing to get the accurate dystopian nature of it.",,,1,0
6375312,"Don't Lose Your Mind, Lose Your Weight",Rujuta Diwekar,"Diwekar, Rujuta",Kareena Kapoor,"=""8184000669""","=""9788184000665""",3,4.17,Random House Books ,Paperback,279,2009,2009,2025/12/28,2025/12/27,,,read,"I am not the one for self help books in general.  And have 0 will power to follow a diet. <br/><br/>But I got this book gifted accidentally and after 2 years on my shelf, I thought I might as well give it a try.<br/><br/>I do have take away from books, so it was kinda good. <br/><br/>Let's see if it helps me in being more healthy.",,,1,0
164444179,First Lie Wins,Ashley Elston,"Elston, Ashley",,"=""""","=""""",0,4.00,Pamela Dorman Books,Hardcover,340,2024,2024,,2025/05/09,"lost-book-not-reading-anymore, currently-reading, surrendered-before-completion","lost-book-not-reading-anymore (#5), currently-reading (#1), surrendered-before-completion (#3)",currently-reading,,,,1,0
239115044,The Chola Tigers: Avengers of Somnath,Amish Tripathi,"Tripathi, Amish",,"=""9369894926""","=""9789369894925""",3,3.93,Harper Fiction India,Paperback,460,2025,,2025/12/19,2025/12/18,,,read,"I have read and watched historical fiction and have largely enjoyed them. I was s big fan of Amish's Shiva trilogy but wasn't sold on this book. <br/><br/><br/><br/>Now that I have crossed over 3/4th of book, some of my thoughts.<br/><br/><br/>Large part of the book is about aftermath of Somnath temple destruction a small troop from Chola kingdom to heart land of Ghazni kingdom to assassinate Mahmud Gazni<br/><br/><br/>-Writing can definitely be improved. Compared to some of the other great writers stuff is amateurish. Like current page I am reading has someone from South India a Millenia ago thinking ""how much does this bugger know"". This just completely breaks the immersion.<br/><br/><br/>- I feel for sure some thing would have been forced by publisher or editor, because you should not have some one in that era in that geography identifyinga as they them. This is a political issue in current arena affair and has no place in book like this. I am ok if you want to showcase someone as transgender because they have existed in India for centuries but not pronoun stuff.<br/><br/><br/><br/>- All fictions take a leap in logic here and there, this one seems bit unnecessary. Devout peope of Abhramaic faith fighting for Ayappa and Lord Shiva was little difficult for me to digest.<br/><br/> Guy gets paralyzed in right hand and learns to fight almost equally with his left hand in a very short time, people learn entire new language over few weeks with complete fluency.<br/><br/>About 1000 prisoners escape from heavily militarized city and cross desert and all back covering so much distance without being caught.. <br/><br/><br/>-I like the setting and description of the era of this time. It's almost as if care was taken to write this book with intention of getting a movie made on this. <br/><br/><br/>- I enjoyed the palace intrigue of Gaznivad quite a bit, probably my favorite arc to read. Though Chola kingdom description also was decent.<br/><br/><br/>-Love story between Vijayan and Amal was just rammed through for sake of movie. There was no need for Amal to be female.<br/><br/><br/>-Turks are shown to be absolute monsters in fact one of the line pretty much says that. It might be true so may be fair.<br/><br/><br/>- I can't believe I am saying but religious refrences from Jain to Buddhists to Muslims to Jains to Christian can sometimes be a bit too much. Fishing lowest common denominator and leaning on all being same should not have been the focus of the book.<br/><br/><br/>- I finished the book and more of above. Last chapter was interesting read. Though I can't fathom India being able to survive the third attack mentioned using the path mentioned. It's just not going to happen.<br/><br/><br/><br/>< I finished in about 2-3 days of reading without much procrastination so it was a decent read. But it doesn't make me want to pick up the next Amish's automatically.>",,,1,0
678074,Doctor Who: The Clockwise Man,Justin Richards,"Richards, Justin",,"=""0563486287""","=""9780563486282""",3,3.63,Random House UK,Hardcover,256,2005,2005,2025/11/01,2025/11/02,,,read,"This was my first foray into the Doctor Who show, movie or book and although the set up was pretty exciting some of the part of the book led me down. <br/><br/>Freddy's part was rather not required to that extent and also a bit extraordinary.<br/><br/>I tend to rate books and stories solely on misunderstanding often a bit underwhelming (unless it's for humor) so this was disappointing.",,,1,0
223889699,"The Secret of Secrets (Robert Langdon, #6)",Dan    Brown,"Brown, Dan",,"=""0385546890""","=""9780385546898""",3,3.94,Doubleday,Hardcover,677,2025,2025,2025/09/22,2025/09/22,,,read,"I remember my first Dan Brown book ""The Deception Point' having read that I sought to read all of his other novels published till then. imIt always a bit exciting to be able to read a new one and try and capture that joy and excitement of reading this book when I was in high school and first read his book. <br/><br/><br/>Coming to the book itself it plays largely on the usual formula which is expected now, it also has a  lot of random Information which is sometimes intriguing. <br/><br/><br/>However , this was not much of a mystery more of a thriller. Whatever mystery there was also revealed quite early and from then on it was a thriller novel and the usual big reveal is not a big reveal but something everyone saw coming and also it doesn't have much impact on the story.<br/><br/>I feel the ending could've been trimmed it was way too long in tying up  all threads.<br/><br/>On a lighter note, Book probably could've done without some of the time checks by Langdon. his 6:00 am to 9:00 am seems to last soo long with so many things crammed in there.<br/><br/>Anyway , it's a typical RL book and if you enjoy it you enjoy it.",,,1,0
18061,"Uncle Fred in the Springtime (Blandings Castle, #6)",P.G. Wodehouse,"Wodehouse, P.G.",,"=""1841591300""","=""9781841591308""",4,4.21,Everyman,Hardcover,288,2004,1939,2018/03/18,2018/03/18,,,read,"There is not much point in reviewing a Blandings Castle novel by PG Wodehouse.<br/><br/>This was my third reading of the book and the second in less than 365 days, I don't know what it is about this chap that I keep on reading and re- reading all his books so many times.<br/><br/>I have on the shelf two perfectly fine books released this month by two perfectly fine authors , but my mind wanted to give this one another shot. Damn you , P.G.Wodehouse.<br/><br/>Uncle Fred A character worth investing in.",,,1,0
64216,"Guards! Guards! (Discworld, #8; City Watch, #1)",Terry Pratchett,"Pratchett, Terry",,"=""0061020648""","=""9780061020643""",2,4.34,HarperTorch,Mass Market Paperback,376,2001,1989,2025/09/01,2025/09/01,,,read,"This is largely a fantastic book which didn't work for me. <br/><br/><br/>Either it's the writing or my reading which had severely impacted my ability to enjoy it and it's probably the later.<br/><br/>Although funny at times, I found writing to be confusing so much so that I not only didn't realise the reversal of the antagonist in the end but for some reading pretty much assumed it was mentioned as someone else earlier in the book.",,,1,0
331256,Roadside Picnic,Arkady Strugatsky,"Strugatsky, Arkady","Boris Strugatsky, Antonina W. Bouis, Theodore Sturgeon","=""0575070536""","=""9780575070530""",2,4.12,Gollancz,Paperback,145,2000,1972,,2025/07/26,,,read,Sometimes I think my ability to read isn't that refined so many times The classic will leave me disappointed and books which require introspection or lean heavily on inferring something from text are missed heavily by me. ..<br/><br/>This book suggested by an enthusiastic friend of which I had high hopes has been a let down.<br/><br/>The book doesn't explain anything properly The start is a bit too slow and the rest of the book doesn't make up for it. There are different threads which don't go anywhere and it seems like a lot of unfulfilled potential with the premise.<br/><br/>I did not even particularly enjoy the writing. I have no trouble believing this would be a favorite for many and many would swear by it. This though was not for me.,,,2,0
28921,The Remains of the Day,Kazuo Ishiguro,"Ishiguro, Kazuo",,"=""""","=""""",4,4.14,Faber & Faber,Paperback,258,2005,1989,2025/07/23,2025/07/22,,,read,"I had, as I often do, fallen in rut of not reading and was looking for a book to get me out of it.<br/><br/>I came across this book and reviews were just glowing. Compared to the reviews, the book was a let down<br/><br/>BUT I did manage to finish it quite quickly and that just goes to show it was a good read apart from typos (which makes me feel like flipkart the seller fleeced me with a pirated copy ). So in some ways it got the work done . One thing I cans ay the writer can write and kept me engaged even for better part.<br/><br/>I expected a lot more on War but what I got was introspection and the opportunity to see someone's life go by in some way.<br/><br/>I have not read or studied about the book intentionally to keep this review honest from my end. I felt the main character Mr. Steven was to an extent unlikable I am not sure if he is meant to be. It also makes me question some of the things we consider important in life, for instance dignity as mentioned in the book. I perhaps should revisit the entire concept. <br/><br/>As the book says, Evenings after the end of the work day are often the best part and should be celebrated and enjoyed which the protagonist did not.<br/><br/>I have always so far enjoyed mono maniacal characters like the Count of Monte Cristo or perhaps even Howard Roark to an extent. Though in this case, I feel maybe a more rounded development might not be too bad. This is hard to digest but the book just goes on the show sometimes all your dedication and hardwork, integrity and dignity can add up to very little.<br/><br/>I don't know if that was the intention of the book, but that's what I got out of it.<br/><br/><br/>EDIT : this book doesn't leave you easily, it also is a testament to the writer where the narrator keeps on talking big game and you keep on seeing through him.<br/><br/>Edit : Updated from 3 to 4 star. It takes time to sink in.",,,1,0
40097951,The Silent Patient,Alex Michaelides,"Michaelides, Alex",,"=""1250301696""","=""9781250301697""",3,4.17,Celadon Books,Hardcover,336,2019,2019,2025/07/25,2025/07/25,,,read,"I did not think I would particularly enjoy this book and that reading it would be kind of a drag where I would have to force myself to it.<br/><br/>The reason for that was I had just read a book by Ishigo Kahuro and there was a huge discrepancy in level of writing or so I thought. also, quite simply the start is little trying.<br/><br/>The book does pick up quite well after the first 50 pages or so and although I don't agree with most of psychology mentioned in the book, it was a decent read.<br/><br/>End for me little Meh and to me it feels like having bit of loop holes.  I also think it would've been better for book to end few pages earlier than it did.",,,1,0
219131178,"Spiritual Awakening, Vol. 1",Hit Premanand Govind Sharan Ji Maharaj,"Maharaj, Hit Premanand Govind Sharan Ji",,"=""8197105650""","=""9788197105654""",2,4.35,Scientific International pvt. Ltd.,Paperback,200,2024,,2025/07/06,2025/07/06,,,read,"Not for me. Not to mention , Description of hell and cause for it , wasn't pleasant for me. Suddenly seemed whoa, am I in the wrong.<br/><br/>But I think once you have read Gita and internalized some of it, this doesn't seem to hold that water.<br/><br/>Premanand Maharaj seems very jovial and may be enlightened , this book did not help in the way I anticipated.",,,1,0
1772910,White Nights,Fyodor Dostoyevsky,"Dostoyevsky, Fyodor",Olga Shartse,"=""""","=""""",1,4.07,,Paperback,82,1848,1848,2025/07/05,2025/07/05,,,read,"I took this book up when I was particularly going through a reading rut and thought this would help me get back into reading habit again.<br/><br/>I had read Crime and Punishment and knew Dostoevsky is regarded as a genius. <br/><br/>I have to say, this book did not resonate with me. It's just two short stories and any be they were more meaningful when they were written but not just for me kind of blah! <br/><br/>The first story at least stirred up the emotions and I did not follow all arguments or point it at least touched a chord. The second one for me was so boring , I did not even attempt the following conversation completely.  <br/><br/>I guess my tastes and reading intellect aren't refined enough to read Russian Geniuses .",,,1,0
201632567,Blood Like Mine,Stuart Neville,"Neville, Stuart",,"=""1641295414""","=""9781641295413""",0,3.62,Hell's Hundred,Hardcover,375,2024,2024,,2025/05/09,,,read,,,,1,0
41822,"The Stars, Like Dust (Galactic Empire, #1)",Isaac Asimov,"Asimov, Isaac",,"=""0553293435""","=""9780553293432""",2,3.74,Spectra,Mass Market Paperback,293,1991,1951,2025/05/07,2025/05/06,,,read,"I was stuck in a rot and had not read anything new in months and I needed an Author who would keep me gripped, Since I recalled most of Mario puzo's book and many of P.G.Wodehouse I decided instead to go with Asimov. I had fond memories of reading I, Robot and , Robots and Empire in my teens. So I was pretty confident of finishing my first new one for 2025.<br/><br/>The start was slow and but clumsy , the romance and love story between Arta and Biron seemed half baked and the book did not see to have good pacing.  Some of the actions and reasoning also seemed a bit far fetched and weird but the second half is the very book shines although it doesn't completely make up for everything it's not actually a drag. The end was a bit too cliched for lack of a better word.",true,,1,0
18057,A Damsel in Distress,P.G. Wodehouse,"Wodehouse, P.G.",,"=""1406953210""","=""9781406953213""",4,4.11,rbooks,Paperback,216,2006,1919,2025/04/05,2022/12/26,,,read,"Every time I am stuck and need to kick off my reading habit again, I pick Wodehouse and it usually does the trick. So after 6 months of break or so, I was able to get on the reading bandwagon thanks to this one.<br/><br/>Usually , I'll rate Wodehouse books on how often they make me chuckle out loud and how much I enjoyed reading them. Though there wasn't a case of the former in this one, I did enjoy reading it.<br/><br/>It has Earl of Marshmoreton which is like a slightly different version of Lord Elmsworth and lady Caroline is well like any of the sisters of Lords Elmsworth.<br/><br/>From Chivalry, to broken hearts, from young love to beautiful platonic friendship it seems to have everything. It even entertains an imposter a la Blandings castle style, well kind of.",,,1,0
9793361,The Decision Book: Fifty Models for Strategic Thinking,Mikael Krogerus,"Krogerus, Mikael",Roman Tschäppeler,"=""""","=""""",1,3.62,,Hardcover,174,2011,2011,2024/11/01,2024/11/24,,,read,I feel I got less out of this book than I got from secret and that's saying something.<br/><br/>Maybe a couple of lines on a random model didn't do it for me.<br/><br/>It just was not useful for me.,,,1,0
16376,"Full Moon (Blandings Castle, #7)",P.G. Wodehouse,"Wodehouse, P.G.",,"=""1585678368""","=""9781585678365""",4,4.16,The Overlook Press,Hardcover,272,2006,1947,2020/09/14,2020/09/14,,,read,I have always enjoyed Blanding's castle novel and Hon Galahad Threepwood is defn in top 3 of my Blanding's Castle character. So this book had me in good sprits. If you feel other books have shortchanged you of his presence then this one is definitely for you. <br/><br/>This book is slight deviation from most blandings castle novel in which an imposter doesn't even stay a night at Blanding's castle and I felt Prudence definitely needed more presence the start was extremely promising. <br/><br/>P.G.Wodehouse is perhaps the only author who books I actively re-read. This one I did not mind re-reading and I think it was just slightly that much better the second time around,,,2,0
54898389,The Almanack of Naval Ravikant: A Guide to Wealth and Happiness,Eric Jorgenson,"Jorgenson, Eric",,"=""""","=""9781544514208""",4,4.38,Magrathea Publishing,Kindle Edition,244,2020,2020,,2024/11/07,,,read,"Going in I knew exactly what would be there in the book and having heard Naval on several occasions I wasn't sure I would get anything more from it. But I did, some of his chapters and quotes are profound and I guess will stay with me for time to come. Primary among them, importance of reading.",,,1,0
6732019,Rework,Jason Fried,"Fried, Jason",David Heinemeier Hansson,"=""0307463745""","=""9780307463746""",2,3.98,Crown Currency,Hardcover,279,2010,2010,2024/10/31,2024/10/30,,,read,"I really admire Jason Fried , some of their thought process and their approach to software is somewhat refreshing.<br/><br/>The book has few good points but maybe that's about it. It is 220 pages of which may be you have to read 100 pages of which I would say perhaps 50 are not required. Some of them just seem over the top or not applicable or just kinda bizarre like the idea don't write down customers'r feedback or ask to enhance a product if it's important it would keep on coming again and again and you'll eventually remember it.<br/><br/>Meh!",,,1,0
142442,"Galahad at Blandings (Blandings Castle, #10)",P.G. Wodehouse,"Wodehouse, P.G.",,"=""0140284648""","=""9780140284645""",4,4.24,Penguin Books,Paperback,224,2000,1964,2021/12/17,2021/12/16,,,read,At first I was taken in by some of the reviews and was very excited about it. Then I thought it was ok but I had definitely read better Blanding's castle novel. By the end I was no longer miffed. <br/><br/>It's a Blandings' novel just go for it.,,,2,0
12014762,Tell-Tale Brain: Tales of the Unexpected from Inside Your Mind,V.S. Ramachandran,"Ramachandran, V.S.",,"=""0099537591""","=""9780099537595""",4,4.15,WINDMILL,Paperback,357,2012,2010,2024/10/20,2024/10/19,,,read,"I realised that most of my book ratings tend to be 3. Even though internally I think of it as low 3 or high 3, it's still a 3. So now I am skipping three altogether and going with either 2 or 4.<br/><br/>With the above rationale, this was definitely 4 for me. As a layman I could not keep track of a lot of areas of the brain being talked about. I wished there was a small accompanying book with more diagrams , glossary and context for easier access.<br/><br/>But the core of the book, the cases, the discussion on self and especially art was very intriguing. <br/><br/>It brings up many questions and at times I felt like shouting well why didn't you do that test.",,,1,0
55751155,The Hidden Hindu,Akshat Gupta,"Gupta, Akshat",,"=""""","=""""",2,3.88,,Kindle Edition,0,2020,2020,2024/09/07,2024/09/07,,,read,"I don't know why the Author had to make Abhilash as a bigot who hated people of certain religion. One person who was knowledgeable in Indian mythology was a bigot. It has nothing to do with the story , it doesn't go anywhere. Just to show a particular type of person (religious ) in bad light.<br/><br/>Book is ok with mish mash of theories we have heard and read. It has clearly taken a lot from 'Man from the Earth ' and some of the movies of Dr. Frankenstein s monster. It may achieve commercial success, but overall it's meh!",,,1,0
356728,Mr. Everit's Secret: What I Learned from the World's Richest Man,Alan Cohen,"Cohen, Alan",,"=""1571744169""","=""9781571744166""",1,4.33,Hampton Roads Publishing,Hardcover,120,2004,2003,2024/08/31,2024/08/30,,,read,"I was extremely excited about the book because the person who lent me the book was infectiously excited about it.<br/><br/>However, in reading the first few pages I realised it's not for me. There may come a time when it may be something I value, but right now I just don't see much value in it.<br/><br/>This feels like one of the or perhaps the only books I hate read.",,,1,0
60123930,ANDAMAN,Ratnadip Acharya,"Acharya, Ratnadip",,"=""8194132878""","=""9788194132875""",3,4.31,Aksora Publications LLP,Paperback,441,2022,,2024/07/07,2024/07/06,,,read,"At first I was a little disappointed with the writing. Perhaps I was just being too snooty. It really gripped me after the first few pages. <br/><br/>Learning and understanding Sazaye Kaali Pani probably remains my favorite part of the book. It was also a bit dark and possibly emotionally draining. This feels like the Indian holocaust which is not talked about enough.<br/><br/>The second part of the book was ok I feel. The book totters towards true vengeance and then just perhaps takes a step back, I feel the author could not commit on that path. From moral perspective actions on ross Island were not correct I feel. <br/><br/>Also bringing back Niladri and not having anything out of it was also weird. Like it was not needed. <br/><br/><br/>All in all , I did enjoy reading the book.",,,1,0
9557,Sputnik Sweetheart,Haruki Murakami,"Murakami, Haruki",Philip Gabriel,"=""0099448475""","=""9780099448471""",2,3.83,Vintage,Paperback,229,2002,1999,2023/06/09,2023/06/08,,,read,"Murakami books don't often have standard ends but this book is no Norwegian Woods or Kafka on the shore. It is just plainly meh, writing with his sheer writing capability made a readable story of few characters with a very thin plotline and very little magical realism.<br/><br/>A few things I felt very definitely missed in translation. I say this, because more than a couple of sentences did not mean anything. They appeared deep but seemed to me like gibberish.<br/><br/>Perhaps only book worse than After Dark from Murakami.",,,1,0
32307358,"Origin (Robert Langdon, #5)",Dan    Brown,"Brown, Dan",,"=""""","=""""",2,3.90,Doubleday ,ebook,480,2017,2017,2017/10/04,2024/04/24,,,read,"I have always hated people who liked to make fun of Dan Brown's book and his formula. I always enjoyed them. It had that gripping quality to make me feel intrigued at first and content by end of the book.<br/><br/>And with Dan Brown steering away slightly from his formula in Inferno, I was excited for this one. But this was painfully formulaic and no new concepts introduced, no noetic science to know about, no great secret society. <br/><br/>This one actually looks like someone might have parodied one of his other books. It seems painfully low effort. Disappointed with Dan Brown on this one.<br/><br/>Merged review:<br/><br/>I have always hated people who liked to make fun of Dan Brown's book and his formula. I always enjoyed them. It had that gripping quality to make me feel intrigued at first and content by end of the book.<br/><br/>And with Dan Brown steering away slightly from his formula in Inferno, I was excited for this one. But this was painfully formulaic and no new concepts introduced, no noetic science to know about, no great secret society. <br/><br/>This one actually looks like someone might have parodied one of his other books. It seems painfully low effort. Disappointed with Dan Brown on this one.",,,3,0
4323571,"A Pelican at Blandings (Blandings Castle, #11)",P.G. Wodehouse,"Wodehouse, P.G.",,"=""0099514028""","=""9780099514022""",4,4.17,Arrow,Paperback,249,2008,1969,,2020/06/23,,,read,"A pure Blandings novel rarely disappoints and even less know in the presence of Galahd Threepwood. It was a pleasant read and I was thinking I did not chuckle as I often do in other Blandings novel, but damn it, if it did not have me smiling reading last few pages. ",,,2,0
122765395,Elon Musk,Walter Isaacson,"Isaacson, Walter",,"=""1982181281""","=""9781982181284""",3,4.32,Simon & Schuster,Hardcover,688,2023,2023,2023/12/08,2023/12/07,,,read,It was more or less as expected. I was a bit disappointed that an anecdote (Elon solved an issue in Oracle or something like that)  got me excited about reading the book was just that much and not many more such examples could be found.<br/><br/>But overall as expected. Linearity or chapter sequence I feel could've been better.,,,1,0
3636,"The Giver (The Giver, #1)",Lois Lowry,"Lowry, Lois",,"=""0385732554""","=""9780385732550""",3,4.12,Ember,Paperback,208,2006,1993,2021/01/18,2021/01/24,,,read,"My review cannot be objective because evidently this a children's book and in spite of my behavior I am not. So I did not enjoy this book as much , I thought it would be a typical dystopian book which it was but probably lacked the gruesomeness which I had expected.<br/><br/>Overall it's not badly written. Set up is quite clear, story line very linear and thing<br/>s are introduced timely. End was little wishy washy but I don't think it had any major impact on how I felt about book. Not a bad read for targeted audience.",,,1,0
1439566,"The Case Of The Worried Waitress (Perry Mason, #77)",Erle Stanley Gardner,"Gardner, Erle Stanley",,"=""0434282219""","=""9780434282210""",2,3.75,William Heinemann,Kindle Edition,212,1972,1966,2023/08/06,2023/08/05,,,read,"Left disappointed by the Perry Mason series on HBO, I decided to turn to the trusted books which I had read perhaps 2 decades back. Although not as  good as I remembered them, it did not disappoint.<br/><br/>I usually like how everything wraps in the end. Though here I must admit, I missed a few revelations and never really understood who did the original crime.<br/><br/>Though I consider Saturday evening relatively well spent.<br/><br/>Rerated it to two. Because I still don't understand what triggered everything.",,,1,0
481443,"The Case of the Howling Dog (Perry Mason, #4)",Erle Stanley Gardner,"Gardner, Erle Stanley",,"=""0345347838""","=""9780345347831""",4,4.06,Fawcett,Mass Market Paperback,216,1987,1934,2023/08/18,2023/08/17,,,read,"This was my 3rd Perry Mason book in a month and definitely a better one compared to the other two.<br/><br/> The story was choesive and probable. One would get parts of it and still not others, so it is a bit more enjoyable than some of the other ones where no one could've predicted any of the events.",,,1,0
1347298,"The Case of the Lame Canary (Perry Mason, #11)",Erle Stanley Gardner,"Gardner, Erle Stanley",,"=""0345351622""","=""9780345351623""",3,4.00,Fawcett,Mass Market Paperback,256,1987,1937,2023/08/14,2023/08/13,,,read,"Maybe I am too old for this now but I was trying to relive the magic I felt when I read this in my teens.<br/><br/>This in particular was ok, strictly ok. I did not like the deduction and the ending felt far too rushed.",,,1,0
51132354,"The Murder on the Links (Hercule Poirot, #2)",Agatha Christie,"Christie, Agatha",,"=""1734452552""","=""9781734452556""",3,3.87,Warbler Classics,Paperback,199,2020,1923,2023/06/16,2023/06/16,,,read,"I have never been a very big fan of Poirot but his books are good for leisure reading or getting back into the habit of reading.<br/><br/>The Reveal had layers but one of them is not easily digestible. Not very realistic, looking back at events some of them seem illogical.<br/><br/>But as all Agathe Christie's books it's a swift read and I enjoyed the time I spent reading it.",,,1,0
10357575,"1Q84 (1Q84, #1-3)",Haruki Murakami,"Murakami, Haruki","Jay Rubin, Philip Gabriel","=""0307593312""","=""9780307593313""",3,3.95,Knopf,Hardcover,944,2011,2009,,2023/06/09,,,read,,,,1,0
74954965,Revolutionaries: The Other Story of How India Won Its Freedom,Sanjeev Sanyal,"Sanyal, Sanjeev",,"=""9356295948""","=""9789356295940""",4,4.60,HarperCollins India,Paperback,364,2023,,2023/05/01,2023/05/01,,,read,"I would say in some sense this is a typical Sanjeev Sanyal read, absolutely replete with information. <br/><br/>Few chapters felt long, especially the Ghadarite network and following the journey of one person is not easy as it scattered across chapters and events but then that's how life and history are.<br/><br/>A few chapters and events like Kaali Paani , Story of Ullaskar Dutt, Jallian walla Bagh are amazing. I am also embarrassed of not knowing a few key people who helped living me in independent India.",true,,1,0
2161733,"Child 44 (Leo Demidov, #1)",Tom Rob Smith,"Smith, Tom Rob",,"=""0446402397""","=""9780446402392""",4,4.11,Grand Central Publishing,Mass Market Paperback,509,2009,2008,2023/04/05,2023/04/05,,,read,"It was after a long time that I read and enjoyed a murder mystery. I was bored with the entire premise but suddenly when I heard about this book set in the backdrop of Stalin's Russia, I had to give it a try.<br/><br/>The first chapter was too powerful for me to not complete the book. <br/><br/>I don't want to go into details of who committed the murder or it's relatively simplistic plot but the main attraction of the book is a view into how Russian intelligence  worked then.<br/><br/>Thoroughly enjoyed the book, some parts were just heart wrenching.",,,1,0
49126705,The Bhagavad Gita,Krishna-Dwaipayana Vyasa,"Vyasa, Krishna-Dwaipayana",Bibek Debroy,"=""9353056705""","=""9789353056704""",4,4.19,Penguin Classics,Kindle Edition,302,2019,-400,,2020/05/25,,,read,"Obviously, I'll refrain from actually trying to review Bhagavad Gita. I would say Bibek Debroy's stuff does come across quite a bit honest.<br/><br/>1: The only place I had an issue with translation was perhaps using Atman, for jivatma and Parmatma ( though clarified in footnotes)<br/>2: Footnotes are awesome and at places I missed them, this is usually not the case. <br/><br/><br/>Think about it, you can read Bhagavad Gita in less than a day :-)<br/>",,,2,0
9862342,"Very Good, Jeeves! (Jeeves, #4)",P.G. Wodehouse,"Wodehouse, P.G.",,"=""0393339793""","=""9780393339796""",4,4.31,W. W. Norton & Company,Paperback,272,2011,1930,2022/11/22,2022/11/21,,,read,,,,1,0
49388218,Samanya Dharma – Ethical Duties Common to All,Nithin Sridhar,"Sridhar, Nithin",,"=""8194282608""","=""9788194282600""",3,4.60,Subbu Publication,Paperback,92,2019,2019,2022/10/24,2022/10/31,,,read,"It's ok. I wanted to like it more than I eventually did. The first few pages are good but the core of the book talks about which books Vedas, upanishad, smriti of Hinduism mention which act as Samanya Dharm. <br/><br/>Not having intimate details about underlying Vedas and other books, I would not know what to prioritise.<br/><br/>Though I don't regret reading it , it's a small book which might have changed my attitude towards something for good.",,,1,0
16343,"The Mysterious Affair at Styles (Hercule Poirot, #1)",Agatha Christie,"Christie, Agatha",,"=""0646418432""","=""9780646418438""",3,4.00,Deodand,Paperback,121,2002,1920,2013/09/18,2013/05/15,,,read,,,,1,0
44016314,"One Good Deed (Archer, #1)",David Baldacci,"Baldacci, David",,"=""""","=""""",3,4.12,Grand Central Publishing,ebook,416,2019,2019,2022/07/20,2022/07/19,,,read,"I was hankering for a thriller murder mystery novel and was suggested this book by the guy at book store. Never having read this particular author's book I wasn't sure but went ahead with it.<br/><br/>I felt the start was slow and wasn't sure if it would keep me engaged enough to read 580 odd pages, but held it's own.<br/><br/>End was particularly Swift and tied up things nicely. There were a few instances which seemed just too much of coincidence or kind of action by protaganist you would not expect in such novels but all in all not too bad.<br/><br/>Had decent fun reading it. Though I am not sure I'll go for other books by the author.",,,1,0
18023,Hot Water,P.G. Wodehouse,"Wodehouse, P.G.",,"=""1585673897""","=""9781585673896""",4,4.14,Overlook Books,Hardcover,294,2003,1932,2022/06/10,2022/07/09,,,read,"Not set in Blandings castle, though it very well could've been it's about Chateau Bliisac and imposters there.  So, there are definite parallels. But all in all no a bad read. Classic Wodehouse. ",,,1,0
18997506,KARMA YOGA by Swami Vivenkananda,Vivekananda,"Vivekananda, Vivekananda",,"=""""","=""""",2,4.52,Soumya Panigrahi,Kindle Edition,74,2012,1970,2020/06/11,2020/06/10,,,read,"I am not very learned on the spiritual thing and so lot of the text could've gone over my head. But I loved the first chapter but the second chapter ruined it for me absolutely. I did not get in what sense word nonresistance was used and even the analogies were bad. There are a few decent chapters after that, but by then I was in a rush to complete it so missed. The last 2 chapters were decent and first chapter is amazing. <br/><br/>But it's a fairly small book and you might as well give it a thought. It also mentioned Christ, Mohammad, and Buddha to an extent. So it may have broader appeal. <br/><br/>In terms of Karma Yoga, a lot of the ideas do seem to come from Gita, It's not always easy to digest all but it does seem to extend the concept of Karma yoga little more than one would seem to get from Bhagavad Gita ",,,1,0
41881472,"The Psychology of Money: Timeless Lessons on Wealth, Greed, and Happiness",Morgan Housel,"Housel, Morgan",,"=""""","=""""",3,4.28,Harriman House,Paperback,242,2020,2020,2021/12/20,2021/12/20,,,read,For large part I thought it was ok. It reinforced some of the beliefs I had and few things I did not agree or thought contradictory. <br/><br/>Overall I think day spent reading it was probably well spent.<br/><br/>One new idea it put in my mind which I think makes it all the more valuable is the bit about point of having money is to control what you do with your team.,,,1,0
1318174,Wodehouse on Crime,P.G. Wodehouse,"Wodehouse, P.G.","Donald R. Bensen, Isaac Asimov","=""0899190448""","=""9780899190440""",0,4.12,Ticknor & Fields,Hardcover,282,1981,1981,,2021/11/28,to-read,to-read (#12),to-read,,,,0,0
16390,"The Mating Season (Jeeves, #9)",P.G. Wodehouse,"Wodehouse, P.G.",,"=""1585672319""","=""9781585672318""",0,4.19,The Overlook Press,Hardcover,272,2002,1949,,2021/11/28,to-read,to-read (#11),to-read,,,,0,0
23605769,A Fine Balance,Rohinton Mistry,"Mistry, Rohinton",,"=""0571218784""","=""9780571218783""",0,4.38,Penguin Books,Paperback,614,2003,1995,,2021/11/24,to-read,to-read (#10),to-read,,,,0,0
52036,Siddhartha,Hermann Hesse,"Hesse, Hermann",Hilda Rosner,"=""""","=""""",4,4.08,Bantam Books,Mass Market Paperback,152,1981,1922,,2014/09/24,current-shelf,current-shelf (#5),read,,,,1,0
91950,The Myth of Sisyphus,Albert Camus,"Camus, Albert",Justin O'Brien,"=""0141182008""","=""9780141182001""",0,4.17,Penguin Classics,Paperback,192,2013,1942,,2021/11/09,current-shelf,current-shelf (#4),read,,,,0,0
386162,"The Hitchhiker’s Guide to the Galaxy (The Hitchhiker's Guide to the Galaxy, #1)",Douglas Adams,"Adams, Douglas",,"=""""","=""""",0,4.22,Del Rey,Paperback,193,2007,1979,,2021/11/09,current-shelf,current-shelf (#3),read,,,,0,0
31020419,The Ocean of Churn: How the Indian Ocean Shaped Human History,Sanjeev Sanyal,"Sanyal, Sanjeev",,"=""0670087327""","=""9780670087327""",0,4.27,Penguin Random House,Hardcover,346,2016,2016,,2021/11/09,current-shelf,current-shelf (#2),read,,,,0,0
190565,The Will to Meaning: Foundations and Applications of Logotherapy,Viktor E. Frankl,"Frankl, Viktor E.",,"=""0452010349""","=""9780452010345""",0,4.23,Meridian/Plume,Paperback,208,1988,1969,,2021/11/09,current-shelf,current-shelf (#1),read,,,,0,0
43277365,India in the Age of Ideas: Select Writings: 2006-2018,Sanjeev Sanyal,"Sanyal, Sanjeev",,"=""""","=""""",4,3.84,Westland,Kindle Edition,328,2018,2018,2021/11/04,2021/11/06,,,read,"I really want good reads to give me ability to rate something 3.5. 3 for me as on par and 4 for me is having enjoyed it. This one falls somewhere in between. <br/><br/>I picked it because Sanjeev Sanyal is one of my favorite writers and Land of Seven Rivers was an absolutely amazing book and I enjoy his videos on YouTube and getting his perspective on things. So going in I was fully aware that since this is just collection of his writing I would be reading stuff I have either already read or heard in his interviews. This was precisely the case, but I wanted it available in print and to read it all at go, so I am happy with my purchase and Sanyal remains somewhat of thought leader to me. <br/><br/> Book is split in three different parts, his writings on History and Culture, Urban Dynamics and Economics. I enjoyed the first part most, followed by second and just quickly wrapped up on economics which if somewhat ironic considering he is the Principal Economic Advisor in the ministry of finance which makes him a full time economist. <br/><br/>My one ask/ disappointment was that it doesn't include white papers that we may have published. One on risk which is pinned on his twitter feed was pretty great. <br/><br/>All in all, if you are Sanyal fan you know what you are getting. ",,,1,0
43811212,Quichotte,Salman Rushdie,"Rushdie, Salman",,"=""178733192X""","=""9781787331921""",3,3.81,Jonathan Cape,Paperback,393,2019,2019,2021/10/05,2021/10/04,,,read,Typical Salman Rushdie book in some sense.<br/><br/>Magical Realism - Check<br/>Connection to India - Check<br/>Literary Style - Check<br/><br/>Some comments about mistreatment of Muslims in India stung a bit considering they were largely incorrect and hit close to home. But that's just me. This time disparaging comments were less subtle.<br/><br/>Did not enjoy it as much as Shalimar the Clown or Enchantress of Florence but overall not a bad read.<br/><br/>Ending could've been bit more polished.,,,1,0
17803,After Dark,Haruki Murakami,"Murakami, Haruki",Jay Rubin,"=""0307265838""","=""9780307265838""",1,3.74,Knopf,Hardcover,191,2007,2004,2021/07/14,2021/07/13,,,read,"This book was huge disappoint for me, not only is it nowhere close to some of other work by author like Norwegian Wood, 1Q84,  Kafka on the shore but there is just nothing there. There is a set up and then that's it. <br/><br/>There was very little aspect of magical realism, there were no resolved arcs this was like a pilot episode of a show trying to get on air. One potentially intriguing thread that could have been developed. But really first few pages has a set up and then banality associated with it.<br/><br/>I refuse to believe any great literary work is present here.",,,1,0
2998,The Secret Garden,Frances Hodgson Burnett,"Burnett, Frances Hodgson",,"=""0517189607""","=""9780517189603""",4,4.17,Children's Classics,Hardcover,331,1998,1911,,2021/06/21,,,read,A book I came across and read bit too late for I was in my late teens when I read this children's book. But now in my mid 30s I still remember about it. It has to have something special about it.,,,1,0
9928818,"Joy in the Morning (Jeeves, #8)",P.G. Wodehouse,"Wodehouse, P.G.",,"=""0393339440""","=""9780393339444""",3,4.28,W. W. Norton & Company,Paperback,272,2011,1947,2021/05/18,2021/06/10,,,read,I went back to Jeeves and Wooster after along time. It may well have some of Wodehouse magic but having read so many of his Blandings Novel this seems to fall bit short.<br/><br/>Fun read nonetheless.,,,1,0
2318271,The Last Lecture,Randy Pausch,"Pausch, Randy",Jeffrey Zaslow,"=""1401323251""","=""9781401323257""",4,4.26,Hachette Books,Hardcover,206,2008,2008,2013/09/18,2013/05/09,,,read,This is the second time I read this book. First time I read it in 2013 and now when I read it again about 7 years later I was surprised of how many anecdotes and points I had remembered from the book. <br/><br/>It's a decent read and I didn't mind spending better part of my Saturday afternoon on the book.,,,2,0
40121378,Atomic Habits: An Easy & Proven Way to Build Good Habits & Break Bad Ones,James Clear,"Clear, James",,"=""""","=""""",3,4.32,Avery,Kindle Edition,319,2018,2018,2021/01/01,2021/05/13,,,read,I knew what this book would be about while starting it and while I am usually not fond of self help books this one was more pragmatic. One of the few self helps I did not regret reading. <br/><br/>Few things may be common sense or obvious but reading them in context and understanding magnitude of its effect can motivate you.<br/><br/>It did make me more conscious of few things I am doing. So all in all a decent read worth Investing time in.,,,1,0
23692271,Sapiens: A Brief History of Humankind,Yuval Noah Harari,"Harari, Yuval Noah",,"=""""","=""""",4,4.33,Vintage,Paperback,512,2015,2011,,2021/05/05,,,read,Finally Done !!! This is a book that's long been on my reading list and even on my shelf and it is almost exactly what I anticipated it would be. Having read Homo Deus and 21 lessons I knew what I was getting myself into. <br/><br/>I am not gonna lie after first few pages pace drops considerable and it seems bit like a drag but then last one fifty pages or so come back with a vengeance.<br/><br/>It's seems very difficult for me to read his work and not have my mind blown away by sometimes seemingly simple conclusion or an observation.<br/><br/>Beautiful !!!,,,2,0
13079982,Fahrenheit 451,Ray Bradbury,"Bradbury, Ray",,"=""""","=""""",2,3.97,Simon & Schuster,Mass Market Paperback,249,2011,1953,2021/02/10,2021/02/10,,,read,"I did not like this book, it could be because I read it many many years after it was written or may be because I am not target audience. But this dystopia novel just fell short of my expectations. I feel I have read better written YA dystopian novels. Primarily because I just did not find writing appealing. Themes are vague, story has flaky end and characters are rarely intriguing. Comparing this with 1984 I can say that they don't belong on same level. We don't have enough insight into world and far too much of logic is leap is taken from one aspect to current state in that universe<br/><br/>However, the concept was intriguing and that's what led me to reading in first place. Also, as many would say book was indeed prophetic in some sense, it highlighted issues with social media usage even before social media came into existence.",,,1,0
40771027,Dracula,Bram Stoker,"Stoker, Bram",,"=""""","=""""",4,4.02,,Kindle Edition,238,2012,1897,2021/01/31,2020/12/30,,,read,"As such this book is over a century old and so suffers from some limitations nand drawbacks of time in which it was written.<br/><br/>But reading it leaves one with clear understanding why this is considered a classic and still in circulation.<br/><br/>It sometimes seems illogical, and some times seems repetitive but some times it seems very smart overall it's not a book I could put down easily.",,,1,0
15733523,The Krishna Key,Ashwin Sanghi,"Sanghi, Ashwin",,"=""9381626685""","=""9789381626689""",2,3.61,Westland,Paperback,475,2012,2012,2020/12/31,2020/12/30,,,read,Start is kinda bad after 50 off pages I just left reading and then picked up after deciding I need to be more patient with it. It definitely has Dan Brown's Da Vinci thing going on but actions of characters and monologues are just so incredibly unbelievable. End is also meh! Only saving grace is interesting tid bits about Hindu mythology. Some of them even if outlandish are fun to read others are even a step ahead of conspiracy theories. Logic jumps are just not easily digestible.,,,1,0
35994858,Krishna's Secret,Devdutt Pattanaik,"Pattanaik, Devdutt",,"=""""","=""""",1,3.97,Westland,Kindle Edition,45,2017,,2020/05/17,2020/05/17,,,read,"I read it because it was a recommendation and wanted to check it out. It's more like an article hardly 30-40 pages. You may learn something here and there but nothing especially in new, then again it's included in prime and takes only like half an hour. Has some nice depictions.",,,1,0
28670655,The Brothers Karamazov,Fyodor Dostoyevsky,"Dostoyevsky, Fyodor",,"=""8892540831""","=""9788892540835""",0,4.39,Centaur Classics,Kindle Edition,620,2016,1880,,2020/12/30,to-read,to-read (#9),to-read,,,,0,0
11082637,The Critique of Pure Reason,Immanuel Kant,"Kant, Immanuel",John Miller Dow Meiklejohn,"=""""","=""""",0,3.96,Amazon Media EU S.à r.l. ,Kindle Edition,394,2011,1781,,2020/12/30,to-read,to-read (#8),to-read,,,,0,0
35079753,The Smile that Wins: (Wodehouse Pick-Me-Up),P.G. Wodehouse,"Wodehouse, P.G.",,"=""1787460150""","=""9781787460157""",0,4.19,Arrow,Paperback,96,2018,1996,,2020/12/30,to-read,to-read (#7),to-read,,,,0,0
612957,The Myth of Sisyphus,Albert Camus,"Camus, Albert",Justin O'Brien,"=""0141023996""","=""9780141023991""",0,4.17,Penguin,Paperback,134,2005,1942,,2020/12/30,to-read,to-read (#6),to-read,,,,0,0
36982571,Keepers of the Kalachakra,Ashwin Sanghi,"Sanghi, Ashwin",,"=""""","=""""",3,3.78,Westland,Kindle Edition,412,2018,,2020/10/11,2020/10/11,,,read,"It's been sometime since I read a thriller, when I started reading it, a thought went through my mind, ah shit, here we go again. With the usual tricks and loopholes of thrillers but it actually became bit more interesting as it went along. <br/><br/>The interesting part of the book is obviously religious aspect of HInduism and Buddhism.It does this quite well in the middle of book. Towards end however it brings in way too concepts and muddles the water quite a bit. Twists are ok and predictable. <br/><br/>Over all I do not regret reading book and may even take up his one of the other books with similar theme.",,,1,0
39995046,Ikigai: The Japanese Secret to a Long and Happy Life,Héctor  García,"García, Héctor","Francesc Miralles, Walter Dixon","=""""","=""""",3,3.75,Gildan Media LLC,Audible Audio,3,2017,2016,2020/11/23,2020/11/23,,,read,"The book was ok for most part. It has a chapter on logotherapy which was largely redundant for me, considering Man's search for meaning is one of my favorite books. Other things can be considered common knowledge large part BUT and here is the thing BUT sometimes in life it is necessary to be reminded of common sense things which we do not follow. <br/><br/>There are short notes from people who have lived over 100 years and a section on exercise which for me was largely useless .<br/><br/>They hyped the concept of IKGAI and the entire book isn't on it. But I still did not mind reading it, one good insight to lead a healthy life can go long way. <br/><br/>It's barely 170 (smaller than average) page book which can be easily completed in couple of hours. Al in all did not mind reading the book ",,,1,0
16115622,Land of the Seven Rivers: A Brief History of India's Geography,Sanjeev Sanyal,"Sanyal, Sanjeev",,"=""0670086398""","=""9780670086399""",5,4.03,Penguin Global,Hardcover,352,2012,2012,2020/09/06,2020/09/05,,,read,"I have to admit I am not a history or a geography buff and bought the book only for love of the author. I have to say Sanjeev did not disappoint. <br/><br/>At points it was tedious to understand all the geographic locations, some common but unknown to me, so unknown to most. BUT and it is a big BUT but the sense and feelings that it evokes in you as you read some of the passages and understand some of the history was totally worth the constant trip to google maps. <br/><br/>One downside though is because it is content heavy I did not retain much after the book was finished, but the upside is it gives me a chance to try and revisit the book again.",,,1,0
320,One Hundred Years of Solitude,Gabriel García Márquez,"Márquez, Gabriel García",Gregory Rabassa,"=""""","=""""",3,4.12,Harper,Mass Market Paperback,417,2003,1967,2020/07/28,2017/03/13,,,read,"I started the book in 2017 and then read half and lost the track and later book itself. It is defn an above average book. I wasn't very happy with translation , some mistakes could be spotted rather easily. <br/>Overall, it was a little let down, because of hype surrounding it. End was fantastic",,,1,0
36469399,The Valmiki Ramayana Vol. 3,Vālmīki,"Vālmīki, Vālmīki",Bibek Debroy,"=""0143428063""","=""9780143428060""",3,4.50,India Penguin Classics,Paperback,520,2017,,2020/07/14,2020/07/28,surrendered-before-completion,surrendered-before-completion (#2),read,"I don't want to rate Valmiki's Ramayana. So I'll not concentrate on content but other things<br/><br/>*One of the things I missed was detailed chapter list. It had chapters and Kand but that makes searching something very difficult. So If I want to read just about fight between Lakshaman and Meghnad it's not easy. Even more so because text has so many name for different people you cannot even easily search on kindle. <br/><br/>*This book includes Uttara Kand which per some sources is a later addition. <br/><br/>*Overall I am good having read it, but I might have got same from  ValmikiRamayan.net",,,1,0
34466963,Why We Sleep: Unlocking the Power of Sleep and Dreams,Matthew Walker,"Walker, Matthew",,"=""""","=""""",4,4.37,Scribner,Hardcover,368,2017,2017,2020/07/08,2020/07/08,,,read,"I doubt my review matters here, especially since you see Bill Gates having written a  good one here. But  here goes nothing. <br/><br/>This was by most measures an excellent book. Just enough of science and takeaway. There was may be one instance where I felt it was slightly repetitive and I can skip it but apart from that it was pleasant read.<br/><br/>One thing I wish author had added some study or test to see effects of oversleeping, it is mentioned no such data exists but even highlighting a study where no effect of oversleeping is seen would have been  good",,,1,0
34917434,The Mahabharata: Volume 1,Krishna-Dwaipayana Vyasa,"Vyasa, Krishna-Dwaipayana",Bibek Debroy,"=""""","=""""",4,4.46,Penguin,Kindle Edition,535,2015,-400,2020/05/24,2020/05/24,,,read,"When I heard about critical edition, I was happy and wanted to read this immediately and I am glad I read it.<br/><br/>But if you are a casual reader, you must remember It's not meant to be read like a novel largely. <br/>It is an Epic. <br/><br/>The first few chapters with a description of lineages and family trees are excruciating in detail and it just doesn't seem very feasible to digest it all. The story started with Arjun's grandson Parikshit's son and it takes time to reach the meat and bones of parts that we are familiar with.<br/><br/>But it's Mahabharat. I cannot review it, it is what it is.",,,1,0
4069,Man's Search for Meaning,Viktor E. Frankl,"Frankl, Viktor E.","Isle Lasch, William J. Winslade, Harold S. Kushner","=""080701429X""","=""9780807014295""",5,4.37,Beacon Press,Paperback,165,2006,1946,2019/05/26,2019/05/26,,,read,"The book is divided into 2 main parts. <br/><br/>The first part is the author's experience and understanding of Human Psyche from concentration camps in Nazi Germany. The second part talks more about Logotherapy.<br/><br/>In the beginning, I wanted to get through concentration camp parts because I did not want to read of the horrors of the holocaust. But the more I read more I was taken in by the first part of the book.<br/><br/>When I started with the second part, I thought I will not enjoy it because I would invariably read something I do not agree or understand, and although I am a novice in reading philosophy and psychology and I did not understand some of it. I can attest there are a few lines that are extremely powerful. Few lines just gave me a euphoric feeling similar to what one would get after a workout or having a great load removed from your shoulder.<br/><br/>This is perhaps the only book I have read in the last decade which I am considering re-reading.<br/><br/><br/>EDIT : <br/><br/>I did read it the second time.",,,2,0
81959,As a Man Thinketh,James Allen,"Allen, James",,"=""1585425648""","=""9781585425648""",3,4.24,TarcherPerigee,Hardcover,80,2006,1902,2020/04/09,2020/04/09,,,read,"This is a very small book, almost like a magazine article. I suppose this book is one of the main inspirations for the entire genre of self-help books that have taken over the entire generation of readers. <br/><br/>The author does well to hammer a point home, without taking 100 pages to do so.  I am not much of a self-help kind of person, even though I might be who needs the most. I'm glad though, my self-help was James Allen's As a man thinketh and not Robin Sharma's drivel.",,,1,0
16241167,Young Men in Spats,P.G. Wodehouse,"Wodehouse, P.G.",,"=""039334536X""","=""9780393345360""",2,4.13,W. W. Norton & Company,Paperback,240,2013,1936,2020/04/02,2020/04/01,,,read,"This is my only PG WODEHOUSE book with 2 stars. It is not because I can compare it with other 2 stars books, but inherently I have come to expect more of Wodehouse books. <br/><br/>This is a collection of short stories, mostly around Pongo Twistleton and one more chap. But hardly any stories strikeout, only one I truly enjoyed was one with Uncle Fred, that character is a gem. <br/><br/>I read it on my 3rd attempt mostly because of lockdown, give this one a miss and pick up another Blandings novel",,,1,0
38820046,21 Lessons for the 21st Century,Yuval Noah Harari,"Harari, Yuval Noah",,"=""0525512179""","=""9780525512172""",4,4.15,Random House,Hardcover,372,2018,2018,2020/01/01,2020/03/27,,,read,"I had read reviews and realized lot of things in books are repeated from Homo Deus and Sapiens but I was ok with that and the book turned out to be pretty much what I expected.<br/><br/>Few things :<br/><br/>1: This is not a self-help or instructional book in the traditional sense<br/>2: This is more like 21 essays on different topics, some you will agree with and some you will not care about <br/>3: I skimmed through some and perused others based on my interests, I am assuming that it would be true for others too.<br/>4: The first ( technological challenge ) and the last one ( resilence ) were probably the ones that resonated the most with me. <br/><br/><br/>",,,1,0
25322084,Submission,Michel Houellebecq,"Houellebecq, Michel",Lorin Stein,"=""0374271577""","=""9780374271572""",3,3.65,"Farrar, Straus and Giroux",Hardcover,246,2015,2015,,2015/12/22,,,read,,,,1,0
34066798,A Gentleman in Moscow,Amor Towles,"Towles, Amor",,"=""""","=""""",4,4.32,Penguin Books,Paperback,495,2019,2016,2020/03/01,2020/03/21,,,read,"This was one of the books which when I picked expected to be quite good, and it appeared promising at the beginning then it became very slow and I thought I was going to be disappointed but by the end, it was indeed quite good so all in all I did not regret picking it up, the end particularly was riveting.<br/><br/>It did take me quite a bit to get through the book, and I think I did not give the attention it deserves or read it the way it is meant to be, sometimes the transitions were quite abrupt for me leading me to forget where was this offshoot from.<br/><br/>Overall the writing quality is above average and well it's pretty good.<br/><br/>",,,1,0
16241184,Uncle Dynamite,P.G. Wodehouse,"Wodehouse, P.G.",,"=""0393345572""","=""9780393345575""",4,4.31,W. W. Norton & Company,Paperback,288,2013,1948,2020/02/28,2020/02/27,,,read,"Enjoyed it. Blanding castles are usually my favorite ones, but gotta say Lord Ickenham is no less than Hon Gallahad. <br/><br/>",,,1,0
40961427,1984,George Orwell,"Orwell, George",,"=""""","=""""",4,4.20,Houghton Mifflin Harcourt,ebook,298,2013,1948,2018/10/03,2018/10/03,,,read,"Considerably more darker than Animal Farm. I also enjoyed it less, primarily because it has little story and just mostly dystopia and philosophy behind it. What little story it has also has great unexplainable leaps. <br/><br/>But a powerful book nonetheless.",,,1,0
16774,"The Case of the Calendar Girl (Perry Mason, #57)",Erle Stanley Gardner,"Gardner, Erle Stanley",Robert  McGinnis,"=""""","=""""",3,3.84,Pocket Books,Mass Market Paperback,198,1964,1958,2020/01/01,2020/01/08,,,read,Pretty much what you would expect. This was a blast from the past for me.<br/><br/>My book had last page or two torn out so that was annoying.,,,1,0
31138556,Homo Deus: A History of Tomorrow,Yuval Noah Harari,"Harari, Yuval Noah",,"=""""","=""""",4,4.18,Harper,ebook,450,2017,2015,2019/11/14,2019/11/14,favorites,favorites (#7),read,"Not being acquainted with the author's previous work I wasn't sure how I would receive this book. I think I have to agree with most people on this, Yuval Harari is clearly a gifted writer and possibly one of the thought leaders of today's time on humanity. <br/><br/>There are aspects of the book when I felt it was too repetitive or comparison which was just not needed. But the data points, studies, history and it's implication had me hooked. I regret trying to read this loke a fiction book and not giving it more attention than it deserved. Part of the reason, I treated it mentally as fiction novel is because I did not agree with some of the conclusion, it could have been more cohesive in thought<br/><br/>Overall a worthy read.",,,1,0
128429,Against the Gods: The Remarkable Story of Risk,Peter L. Bernstein,"Bernstein, Peter L.",,"=""0471295639""","=""9780471295631""",0,3.96,Wiley,Paperback,400,1998,1996,,2019/10/17,to-read,to-read (#5),to-read,,,,0,0
34427200,"The Four: The Hidden DNA of Amazon, Apple, Facebook, and Google",Scott Galloway,"Galloway, Scott",,"=""0735213658""","=""9780735213654""",2,3.83,Portfolio,Hardcover,320,2017,2017,2019/09/22,2019/09/21,,,read,"This is a book which was written in 2017 but feels like it was written in 2010 because so much has transpired in the last couple of years book just comes as outdated. <br/><br/>Predictably, it talks about the big 4 four, but it leaves out the juicy details it doesn't have anything that you don't already know if you are a regular consumer of news about these companies. I expected more insight into tech companies and their flouting of rules, Cambridge Analytica scandal, hit pieces by NYT on Kalanick, movies on Steve Jobs do a better job of shedding light on these companies than the book.<br/><br/>I did enjoy some insights on retails and advertising by the author.",,,1,0
13707659,"Summer Lightning (Blandings Castle, #4)",P.G. Wodehouse,"Wodehouse, P.G.",,"=""0393341615""","=""9780393341614""",5,4.24,W. W. Norton & Company,Paperback,288,2012,1929,2023/03/07,2017/10/18,,,read,One of the best P.G.Wodehouse Blanding's castle work. Enough said,,,1,0
105576,Five Point Someone: What Not to Do at IIT,Chetan Bhagat,"Bhagat, Chetan",,"=""8129104598""","=""9788129104595""",3,3.43,Rupa Publications,Paperback,267,2011,2004,2013/09/18,2013/05/09,,,read,,,,1,0
18025,"Something Fresh (Blandings Castle, #1)",P.G. Wodehouse,"Wodehouse, P.G.",,"=""""","=""""",3,4.12,The Overlook Press,Hardcover,284,2005,1915,2024/04/26,2018/07/19,,,read,"After reading 'Summer Lightning', Blanding's castle stories have become my new favorite, even surpassing Jeeves. This one is not as good as Full Moon or Summer Lightning but it is the book where we are introduced to Lord Emsworth, and for that alone it might be worth a read.",,,1,0
634583,Wings of Fire: An Autobiography,A.P.J. Abdul Kalam,"Kalam, A.P.J. Abdul",Arun Tiwari,"=""8173711461""","=""9788173711466""",3,4.29,Universities Press,Paperback,180,2011,1999,2013/09/18,2013/05/09,,,read,,,,1,0
960,"Angels & Demons (Robert Langdon, #1)",Dan    Brown,"Brown, Dan",,"=""1416524797""","=""9781416524793""",4,3.95,Pocket Books,Paperback,736,2006,2000,2013/09/18,2013/05/09,,,read,,,,1,0
976,Deception Point,Dan    Brown,"Brown, Dan",,"=""0671027387""","=""9780671027384""",4,3.77,Pocket Books,Paperback,556,2002,2001,2013/09/18,2013/05/09,,,read,,,,1,0
69571,"Rich Dad, Poor Dad",Robert T. Kiyosaki,"Kiyosaki, Robert T.",,"=""0751532711""","=""9780751532715""",3,4.09,Time Warner Books UK,Paperback,195,2001,1997,2013/09/18,2013/05/10,,,read,,,,1,0
634636,The Seventh Secret,Irving Wallace,"Wallace, Irving",,"=""0722188641""","=""9780722188644""",3,3.87,Time Warner Paperbacks,ebook,374,1988,1985,2013/09/18,2013/05/09,,,read,,,,1,0
11125,Digital Fortress,Dan    Brown,"Brown, Dan",,"=""""","=""""",3,3.71,Corgi books,Paperback,510,2004,1998,2013/09/18,2013/05/09,,,read,,,,1,0
81922,Rich Dad's Cashflow Quadrant: Rich Dad's Guide to Financial Freedom,Robert T. Kiyosaki,"Kiyosaki, Robert T.",Sharon L. Lechter,"=""0446677477""","=""9780446677479""",3,4.16,Business Plus,Paperback,376,2012,2012,2013/09/18,2013/05/10,,,read,,,,1,0
29946,Illusions: The Adventures of a Reluctant Messiah,Richard Bach,"Bach, Richard",,"=""""","=""""",3,4.15,Arrow Books,Paperback,144,2001,1977,2013/09/18,2013/05/14,,,read,,,,1,0
49552,The Stranger,Albert Camus,"Camus, Albert",Matthew  Ward,"=""""","=""""",4,4.03,Vintage International,Paperback,123,1989,1942,2019/05/31,2019/05/30,,,read,,,,1,0
18597047,The Mahabharata Secret,Christopher C. Doyle,"Doyle, Christopher C.",,"=""9383202319""","=""9789383202317""",2,3.62,Om Books,Paperback,386,2013,2013,2019/07/01,2019/07/01,,,read,"Of course, the title drew me in.<br/><br/>It's like a Dan Brown book with a secret to be unfolded but based in India. Writing does fall short of the mark when compared to Brown. But the premise was not all too bad, some twists were so obvious they should not have been present at all.  There are few characters which are absolutely not needed and editing could've been better, but overall I don't regret reading it through.",,,1,0
71728,Jonathan Livingston Seagull,Richard Bach,"Bach, Richard",Russell Munson,"=""0743278909""","=""9780743278904""",3,3.86,Scribner,Paperback,112,2006,1970,2013/11/14,2019/03/24,,,read,,,,1,0
16241198,Service With a Smile,P.G. Wodehouse,"Wodehouse, P.G.",,"=""0393345963""","=""9780393345964""",3,4.19,W. W. Norton & Company,Paperback,192,2013,1961,2019/09/08,2019/09/08,,,read,Yes another Blandings castle novel. This time its Lord Ickenham who goes around creating chaos and servicing people with a smile. <br/><br/>I did find humor lacking a little bit compared to best of Wodehouse but it's an easy read and no regrets on reading it.<br/><br/>One of those rare Wodehouse book where you actually have an antagonist.,,,1,0
13400543,Rumi,Jalal ad-Din Muhammad ar-Rumi,"ar-Rumi, Jalal ad-Din Muhammad",Farrukh Dhondy,"=""9350290820""","=""9789350290828""",3,3.82,Harper Perennial,Hardcover,180,2010,,2019/07/01,2019/07/01,,,read,,,,1,0
38736391,Kalki Purana,B.K. Chaturvedi,"Chaturvedi, B.K.",,"=""""","=""""",1,3.82,Diamond Pocket Books,Kindle Edition,95,2018,2014,2019/06/20,2019/07/01,,,read,"I read this because I had it, and ordered it because I thought it would be an interesting read. It was not, it was terrible. I don't even remember any storyline from it, the book was weak there was nothing spiritual or remotely awakening about it. Frankly, I think I wasted a couple of hours trying to finish it, which I should not have. I just skimmed through it quickly and fell asleep in between. ",,,1,0
76688,"Robots and Empire (Robot, #4)",Isaac Asimov,"Asimov, Isaac",,"=""0586062009""","=""9780586062005""",4,4.23,Voyager,Mass Market Paperback,512,1996,1985,2013/09/18,2013/05/09,,,read,,,,1,0
33571713,"A Column of Fire (Kingsbridge, #3)",Ken Follett,"Follett, Ken",,"=""052595497X""","=""9780525954972""",4,4.27,Viking Penguin,Hardcover,916,2017,2017,2019/04/27,2019/04/27,,,read,Good insight in religious malevolence of 15th century Europe,,,1,0
24800,House of Leaves,Mark Z. Danielewski,"Danielewski, Mark Z.",,"=""""","=""""",0,4.09,Random House,Paperback,709,2000,2000,,2019/03/24,to-read,to-read (#4),to-read,,,,0,0
485894,The Metamorphosis,Franz Kafka,"Kafka, Franz",Stanley Corngold,"=""0553213695""","=""9780553213690""",4,3.91,Bantam Classics,Mass Market Paperback,201,1972,1915,2019/01/01,2019/03/16,,,read,,,,1,0
16393,Big Money,P.G. Wodehouse,"Wodehouse, P.G.",,"=""014000937X""","=""9780140009378""",4,3.97,Penguin,Paperback,239,1986,1931,2019/03/08,2019/03/07,,,read,"It's a P.G.Wodehouse novel. Perhaps the one of only a few or the only one where there is active use of gat to hold up people. Action in a Wodehouse novel, can you imagine it .<br/>",,,1,0
2165,The Old Man and the Sea,Ernest Hemingway,"Hemingway, Ernest",,"=""0684830493""","=""9780684830490""",2,3.81,Scribner,Hardcover,96,1996,1952,2018/09/18,2018/09/18,,,read,"It has a few powerful lines, It's a very small book so you would not lose a lot of time even if you did not like it. Having said that, I have found that I don't particularly care for a lot of classics or all-time best books.<br/><br/>It obviously uses language associated with boats which can be difficult to comprehend for someone like me who knows nothing about boats. So if it's not something you want to deal with, you can give it a miss. A lot of people find a lot of hidden messages and powerful metaphor from the book but lot of it is hogwash if you read for pleasure as I do, it doesn't matter much.",,,1,0
234225,Dune (Dune #1),Frank Herbert,"Herbert, Frank",,"=""0340839937""","=""9780340839935""",4,4.29,Hodder,Paperback,604,2006,1965,2018/11/26,2018/11/26,,,read,"Went in with very high expectations, found it to be an ok book. To really get into the dune universe I'll have to dedicate a lot more time reading other books and you miss a lot of stuff in the first read so a second read might be warranted. I'm glad I read it, so I can check it off my list now, but don't think will be reading the rest of the books set in this universe.",,,1,0
42387123,Of Counsel,Arvind Subramanian,"Subramanian, Arvind",,"=""0670092096""","=""9780670092093""",4,3.91,India Viking,Hardcover,347,2018,,,2018/12/29,,,read,"I am going to be little partial to the book and rate it a tad higher than I would normally have ...<br/><br/>This book has no spicy gossip or inside information on modi or Jaitley. I kind of appreciate it, that Author did not cheap out and indulge mindless gossip.<br/><br/>It also has almost no information on DeMo  except for 2 thoughts post it. There is considerably more detail on GST, as he was more involved in it.<br/><br/>Few chapters on Federer and Nadal are a complete miss and should have been left out of it.<br/><br/><br/>There was considerable information on fiscal deficit, primary deficit most of which I did not follow and May have to re read it.",,,1,0
18030,The Girl in Blue,P.G. Wodehouse,"Wodehouse, P.G.",,"=""0140085076""","=""9780140085075""",4,3.89,Penguin Books,Paperback,192,1997,1970,2018/12/16,2018/12/16,,,read,"As with most Wodehouse book, this one too brought a smile on face now and then. Perhaps not as exciting as Blandings Castle stories or as twisted as Jeeves, but a good read nonetheless. This is perhaps one of the few Wodehouse books I have read, which perhaps has a bad guy (If one can call a pretty girl looking to marry rich that ) to speak of, I certainly don't remember any others to speak of.",,,1,0
117833,The Master and Margarita,Mikhail Bulgakov,"Bulgakov, Mikhail","Diana Lewis Burgin, Katherine Tiernan O'Connor, Ellendea Proffer, Hans Fronius, Михаил Булгаков","=""0679760806""","=""9780679760801""",0,4.28,Vintage International,Paperback,372,1996,1967,,2018/10/10,"lost-book-not-reading-anymore, to-read","lost-book-not-reading-anymore (#4), to-read (#3)",to-read,,,,0,0
39990329,Shunya,Sri M.,"M., Sri",,"=""""","=""""",3,4.04,Westland,Kindle Edition,227,2018,,2018/10/08,2018/10/08,,,read," It is a small book, which can be easily finished in one sitting. There are good aspects of a book, the main easy flowing storyline and it seems to be nicely written. However, Shunya the protagonist keeps on saying he is nothing, void and keeps on performing miracles which are kind antithetical to being nothing. Also, there is no takeaway from the book. When you read something like Alchemist on magical surrealism/ self help book, it gives some message, finds your destiny, believe in yourself, trusts yourself, gave up material possession, this one has no takeaway. I don't regret reading it though.",,,1,0
12067,"Good Omens: The Nice and Accurate Prophecies of Agnes Nutter, Witch",Terry Pratchett,"Pratchett, Terry",Neil Gaiman,"=""""","=""""",4,4.25,William Morrow Paperbacks,Mass Market Paperback,491,2006,1990,2018/01/01,2018/02/20,,,read,,,,1,0
1774836,The Palace of Illusions,Chitra Banerjee Divakaruni,"Divakaruni, Chitra Banerjee",,"=""0385515995""","=""9780385515993""",4,4.20,Doubleday,Hardcover,360,2008,2008,2018/04/08,2018/04/14,,,read,"Not bad, a breezy read. It could have been a good children's book if Author did not sway into make it little edgier.",,,1,0
28417004,The Peshwa: The Lion and the Stallion,Ram Sivasankaran,"Sivasankaran, Ram",,"=""9385724703""","=""9789385724701""",3,4.00,Westland,Kindle Edition,358,2015,2015,2018/08/30,2018/09/04,,,read,"I primarily read it because it was free as part of Kindle first and it popped up. It's set in a time period of Shahu Maharaj's reign where they have an uneasy alliance with Mughals in Delhi. Few parts of it were really good and language is really easy to follow through ( except perhaps sometimes the confusing usage of titles and names). But there are huge gaps which go unmentioned like there is a new vazir in Delhi, Maratha's key ally goes missing and Peshwa doesn't take any notice of it? <br/><br/>I don't know if it's intentional or unintentional but a lot of Peshwa's thing is shown to be in the grey area rather than all white ( nepotism over meritocracy, limited notion of respect for Chhatrapati, SPOILER: Peshwa's choices to let Nizam live twice. <br/><br/>I don't think I'll be reading the sequel ( if it comes out ) which would be focused on Mastani. ",,,1,0
5351,The Street Lawyer,John Grisham,"Grisham, John",,"=""0385339097""","=""9780385339094""",3,3.89,Bantam,Paperback,384,2005,1998,2013/09/18,2013/05/09,may-be-read,may-be-read (#5),read,,,,1,0
43325,Nothing Lasts Forever,Sidney Sheldon,"Sheldon, Sidney",,"=""0446354732""","=""9780446354738""",2,3.89,Grand Central ,Mass Market Paperback,384,1995,1994,2013/09/18,2013/05/09,may-be-read,may-be-read (#4),read,,,,1,0
860490,"The Case of the Counterfeit Eye (Perry Mason, #6)",Erle Stanley Gardner,"Gardner, Erle Stanley",,"=""0345331958""","=""9780345331953""",3,4.01,Ballantine Books,Mass Market Paperback,201,1986,1935,2013/09/18,2013/05/09,may-be-read,may-be-read (#3),read,,,,1,0
7905092,Freedom,Jonathan Franzen,"Franzen, Jonathan",,"=""0374158460""","=""9780374158460""",2,3.80,"Farrar, Straus and Giroux",Hardcover,562,2010,2010,2013/09/18,2013/05/15,surrendered-before-completion,surrendered-before-completion (#1),read,,,,1,0
1697624,"The Case of the Bigamous Spouse (Perry Mason, #65)",Erle Stanley Gardner,"Gardner, Erle Stanley",,"=""0345343786""","=""9780345343789""",3,3.82,Ballantine Books,Mass Market Paperback,187,1987,1961,2013/09/18,2013/05/15,"lost-book-not-reading-anymore, may-be-read","lost-book-not-reading-anymore (#3), may-be-read (#2)",read,,,,1,0
337409,"The Case of the Lucky Legs (Perry Mason, #3)",Erle Stanley Gardner,"Gardner, Erle Stanley",,"=""0345369270""","=""9780345369277""",3,3.89,Ballantine Books,Mass Market Paperback,215,1990,1934,2013/09/18,2013/05/15,may-be-read,may-be-read (#1),read,,,,1,0
14836,Midnight’s Children,Salman Rushdie,"Rushdie, Salman",,"=""0099578514""","=""9780099578512""",4,3.97,Vintage,Paperback,647,1995,1981,2013/09/18,2013/05/15,lost-book-not-reading-anymore,lost-book-not-reading-anymore (#2),read,,,,1,0
12781,The Satanic Verses,Salman Rushdie,"Rushdie, Salman",,"=""0312270828""","=""9780312270827""",3,3.71,Picador,Paperback,561,1997,1988,,2017/02/02,lost-book-not-reading-anymore,lost-book-not-reading-anymore (#1),read,,,,1,0
37658229,Sidney Sheldon’s The Silent Widow,Tilly Bagshawe,"Bagshawe, Tilly",,"=""""","=""""",3,3.83,HarperCollins,Kindle Edition,449,2018,2018,2018/07/31,2018/07/31,,,read,"It's been some time since I read a Sidney Sheldoniiish book. Overall the book was OK, It did have certain Sidney Sheldon flavor to it. I am not sure how this works advertising the book on the name of the deceased author. <br/><br/>As for the book itself, Not bad, was easy to go through in terms of suspects and plot it is a little thin",,,1,0
40030615,Life over Two Beers and other stories,Sanjeev Sanyal,"Sanyal, Sanjeev",,"=""0143443291""","=""9780143443292""",4,3.86,India Penguin,Paperback,223,2018,2018,2018/01/01,2018/07/24,,,read,"I am not usually a big fan of short stories, but I picked up this book in rather hurry just because of the author's youtube videos. Fortunately, I wasn't too disappointed with the book even if it was just a collection of short stories.  As usually happens some stories were very powerful ( Books ) and some perhaps not so much (Reunion) but overall I am glad I picked it up. It has that easy going quality like that of Sudha Murthy books and touch a raw nerve every now and then.",,,1,0
13563459,"Asura: Tale Of The Vanquished, The Story of Ravana and His People",Anand Neelakantan,"Neelakantan, Anand",,"=""938157605X""","=""9789381576052""",1,3.71,Platinum Press,Paperback,500,2012,2012,2018/06/29,2018/06/29,,,read,"Book has no saving grace. I wanted it to be good, really good but I can find nothing which I can hold on to. I liked Immortals of Meluha trilogy and  Palace of Illusion which seem to have a similar format. The difference between Asura and those books is that this one is written rather poorly. You can find several typos, several words which seem out of place for the tone of the book.<br/><br/>It takes a grand mythological story and absolutely butchers it. It tries to show everyone has human having human faults, but it has major loopholes. Sita being spitting image of Mandodri and her daughter, yet not a single conversation is recorded between them. Bhadra is just everywhere, he is the only one who seems to have changed the course of history multiple times and in ways is shown more powerful and Intelligent than the protagonist ( and perhaps the antagonist ). The whole brahmin, caste implication was just too annoying. Vibhishan's character is completely destroyed he goes from a useless, ambitionless bookworm, to a conniving sociopath. I can go on and on about it, but at end of the day, I'd rather read Blan Scion of Ishkvaku rather than this drivel.",,,1,0
13057939,In the Shadow of the Banyan,Vaddey Ratner,"Ratner, Vaddey",,"=""1451657706""","=""9781451657708""",5,4.07,Simon & Schuster,Hardcover,322,2012,2012,2017/02/11,2017/02/02,,,read,,,,1,0
25899336,When Breath Becomes Air,Paul Kalanithi,"Kalanithi, Paul",Abraham   Verghese,"=""0812988418""","=""9780812988413""",3,4.41,Random House,Kindle Edition,208,2016,2016,,2018/03/18,,,read,,,,1,0
4929,Kafka on the Shore,Haruki Murakami,"Murakami, Haruki",Philip Gabriel,"=""""","=""""",3,4.12,Vintage International,Paperback,467,2006,2002,2018/02/27,2018/03/02,,,read,"This was my third Murakami book after 1Q84 and Norwegian Wood. After reading this is not a bad book, I can safely say, I am not a very big fan of Murakami. <br/><br/>I did not understand all the hoopla over this book, it's an ok book with an ok plot.<br/>",,,1,0
4981,Slaughterhouse-Five,Kurt Vonnegut Jr.,"Jr., Kurt Vonnegut",,"=""""","=""""",0,4.10,Dial Press,Paperback,275,1999,1969,,2017/10/21,to-read,to-read (#2),to-read,,,,0,0
6759,Infinite Jest,David Foster Wallace,"Wallace, David Foster",,"=""""","=""""",0,4.25,Back Bay Books,Paperback,1088,2005,1996,,2017/10/21,to-read,to-read (#1),to-read,,,,0,0
11297,Norwegian Wood,Haruki Murakami,"Murakami, Haruki",Jay Rubin,"=""""","=""""",3,3.99,Vintage Books,Paperback,296,2000,1987,,2017/10/20,,,read,"There is little to no point in reviewing a book which is over 30 years old and considered a classic by many. Good Characters, So many wild ways the book could have gone, it opens up so many plotlines but at end of it all, it is a straightforward love story with a vague ending. It has a certain very apparent Catcher in the Rye quality to it. ",,,1,0
16415,"Leave It to Psmith (Psmith, #4 ; Blandings Castle, #2)",P.G. Wodehouse,"Wodehouse, P.G.",,"=""1400079608""","=""9781400079605""",4,4.28,Vintage,Trade Paperback,328,2005,1923,,2017/10/18,,,read,Go for it.,,,1,0
16299,And Then There Were None,Agatha Christie,"Christie, Agatha",,"=""0312330871""","=""9780312330873""",3,4.27,St. Martin's Griffin,Paperback,264,2004,1939,,2017/10/18,,,read,,,,1,0
109509,The Afghan,Frederick Forsyth,"Forsyth, Frederick",,"=""0399153942""","=""9780399153945""",3,3.77,Putnam Adult,Hardcover,343,2006,2006,,2015/07/21,,,read,,,,1,0
13623874,Mossad: The Greatest Missions of the Israeli Secret Service,Michael Bar-Zohar,"Bar-Zohar, Michael",Nissim Mishal,"=""0062123408""","=""9780062123404""",3,4.19,Ecco,Hardcover,388,2012,2010,,2017/09/19,,,read,"The timeline is little messy and it's very disjoint in chronology. But nonetheless, delivers on what it promises",,,1,0
18039,"Blandings Castle (Blandings Castle, #3)",P.G. Wodehouse,"Wodehouse, P.G.",,"=""1585673382""","=""9781585673384""",3,4.15,Overlook Books,Hardcover,301,2002,1935,,2017/09/19,,,read,,,,1,0
28256439,"The Hidden Life of Trees: What They Feel, How They Communicate: Discoveries from a Secret World",Peter Wohlleben,"Wohlleben, Peter","Tim Flannery, Jane Billinghurst, Suzanne Simard","=""1771642483""","=""9781771642484""",3,4.07,Greystone Books,Hardcover,272,2016,2015,,2017/09/19,,,read,,,,1,0
7144,Crime and Punishment,Fyodor Dostoevsky,"Dostoevsky, Fyodor","David McDuff, Joseph Frank","=""""","=""""",4,4.29,Penguin,Paperback,671,2002,1866,,2017/07/09,,,read,,,,1,0
7613,Animal Farm,George Orwell,"Orwell, George","Ann Patchett, Téa Obreht","=""""","=""""",5,4.02,Plume,Paperback,129,2003,1945,,2017/03/13,,,read,,,,1,0
25394438,The Marble Collector,Cecelia Ahern,"Ahern, Cecelia",,"=""000750182X""","=""9780007501823""",4,3.69,HarperCollins UK,Paperback,304,2015,2015,,2017/02/12,,,read,,,,2,0
1428,By the River Piedra I Sat Down and Wept,Paulo Coelho,"Coelho, Paulo",Alan R. Clarke,"=""""","=""""",3,3.57,HarperOne,Paperback,180,2006,1994,,2017/02/02,,,read,,,,1,0
1317696,The Enchantress of Florence,Salman Rushdie,"Rushdie, Salman",,"=""0224061631""","=""9780224061636""",5,3.61,Cape,Hardcover,359,2008,2008,,2017/02/02,,,read,,,,1,0
30843,The Great Indian Novel,Shashi Tharoor,"Tharoor, Shashi",,"=""1559701943""","=""9781559701945""",5,3.89,Arcade Publishing,Paperback,423,1993,1989,,2017/01/31,,,read,,,,1,0
43330,Master of the Game,Sidney Sheldon,"Sheldon, Sidney",,"=""0006472613""","=""9780006472612""",3,4.15,Harper Collins Publisher,Paperback,489,1993,1982,2013/09/18,2013/05/09,,,read,,,,1,0
43328,Rage of Angels,Sidney Sheldon,"Sheldon, Sidney",,"=""0006178731""","=""9780006178736""",3,3.97,HarperCollins Publishers,Paperback,512,1995,1980,2013/09/18,2013/05/09,,,read,,,,1,0
1515812,The Footprints of God,Greg Iles,"Iles, Greg",,"=""1416564098""","=""9781416564096""",3,3.79,Pocket Star,Mass Market Paperback,546,2007,2003,,2014/04/03,,,read,,,,1,0
24709327,"Scion of Ikshvaku (Ram Chandra, #1)",Amish Tripathi,"Tripathi, Amish",,"=""9385152149""","=""9789385152146""",3,3.86,Westland Publication,Paperback,354,2015,2015,2015/07/30,2015/07/21,,,read,"Ok. Only Setup, Ends with Kidnapping of Sita",,,1,0
6449422,"1Q84 (1Q84, #2)",Haruki Murakami,"Murakami, Haruki",,"=""4103534230""","=""9784103534235""",3,4.10,Shinchosha/Tsai Fong Books,Tankobon Hardcover,397,2009,2009,2013/06/09,2013/05/29,,,read,,,,1,0
4671,The Great Gatsby,F. Scott Fitzgerald,"Fitzgerald, F. Scott",,"=""0743273567""","=""9780743273565""",3,3.93,Scribner,Paperback,180,1925,1925,,2015/01/25,,,read,,,,1,0
23150337,Playing It My Way: My Autobiography,Sachin Tendulkar,"Tendulkar, Sachin",Boria Majumdar,"=""""","=""""",3,3.94,Hachette,Hardcover,486,2014,2014,,2014/12/07,,,read,,,,1,0
4830,Shalimar the Clown,Salman Rushdie,"Rushdie, Salman",,"=""0679783482""","=""9780679783480""",4,3.92,Random House Trade Paperbacks,Paperback,398,2006,2005,,2014/12/07,,,read,,,,1,0
12232938,The Lovely Bones,Alice Sebold,"Sebold, Alice",,"=""0316166685""","=""9780316166683""",1,3.86,"Little, Brown and Company",Mass Market Paperback,372,2006,2002,2014/09/24,2014/08/08,,,read,Gaaaa,,,1,0
22026,"The Sicilian (The Godfather, #2)",Mario Puzo,"Puzo, Mario",,"=""0345441702""","=""9780345441706""",3,4.04,Ballantine Books,Mass Market Paperback,416,2001,1984,2013/09/18,2013/05/09,,,read,,,,1,0
7176578,Beatrice and Virgil,Yann Martel,"Martel, Yann",,"=""1400069262""","=""9781400069262""",2,3.18,Spiegel & Grau,Hardcover,213,2010,2010,2014/08/08,2014/08/04,,,read,,,,1,0
22034568,The Sceptical Patriot: Exploring the Truths Behind the Zero and Other Indian Glories,Sidin Vadukut,"Vadukut, Sidin",,"=""""","=""""",2,3.72,Rupa,Kindle Edition,187,,2014,2014/08/02,2014/08/02,,,read,,,,1,0
1,"Harry Potter and the Half-Blood Prince (Harry Potter, #6)",J.K. Rowling,"Rowling, J.K.",,"=""""","=""""",4,4.58,Scholastic Inc,Paperback,652,2006,2005,2013/09/18,2013/05/09,,,read,,,,1,0
18932044,"Plaster City (A Jimmy Veeder Fiasco, #2)",Johnny Shaw,"Shaw, Johnny",,"=""""","=""""",3,3.68,Thomas & Mercer,ebook,352,2014,2014,,2014/04/27,,,read,,,,1,0
8921361,This Book Does Not Exist,Mike  Schneider,"Schneider, Mike",,"=""""","=""""",4,3.34,,Kindle Edition,251,2012,2010,2013/09/18,2013/05/15,,,read,"When I bought nexus -7 I wanted to read a good book on tablet to see how I would like reading digital books ( not pdfs..:P ). So I went ahead and bought kindle version of the book 'This book does not exist' as it had good reviews.<br/><br/>Book is new age fiction book with heavy presence of social networking sites like facebook and twitter, it also has a link to youtube video, which is part of the story. (This was a definite plus of having a kindle version of book, video was embedded and had to use just one click to watch it. I would have ignored it if I had the paperback edition ).<br/><br/>I found presence of social networking sites bit annoying, and being from different background than the intended audience of this book ( Americans and Europeans ) I missed lot of references to pop culture. But overall book is refreshing .<br/><br/>If I would have written a book, I could imagine it to be very much on the same lines as this book. It depicts everything in a very surreal manner, and since it has so many references including a video, it makes you feel as if you are reading story or blog by your friend and not a fiction novel. <br/><br/>Ending was little bland , but overall I can give it 6.5 of 10.",,,1,0
19057,I Am the Messenger,Markus Zusak,"Zusak, Markus",,"=""""","=""""",2,4.02,Alfred A. Knopf Borzoi Books,Paperback,357,2006,2002,,2014/03/25,,,read,I felt let down .Period. Cannot say more without spoilers,,,1,0
5360,A Painted House,John Grisham,"Grisham, John",,"=""0385337930""","=""9780385337939""",3,3.77,Bantam,Paperback,384,2004,2001,2013/09/18,2013/09/08,,,read,,,,1,0
3956365,Keep off the Grass,Karan Bajaj,"Bajaj, Karan",,"=""""","=""""",3,3.32,HarperCollin Publishers India,Paperback,259,2008,2008,,2014/01/01,,,read,,,,1,0
12820793,"The Oath of the Vayuputras (Shiva Trilogy, #3)",Amish Tripathi,"Tripathi, Amish",,"=""9382618341""","=""9789382618348""",4,3.84,Westland,Paperback,575,2013,2013,2013/09/18,2013/05/09,,,read,"<br/>A fitting end, I liked the touches about nuclear weapons.",,,1,0
17262100,The Lowland,Jhumpa Lahiri,"Lahiri, Jhumpa",,"=""0307265749""","=""9780307265746""",4,3.88,Knopf,Hardcover,340,2013,2013,,2014/01/01,,,read,,,,1,0
11931918,"Right Ho, Jeeves & Carry On, Jeeves; P. G. Wodehouse Collected Works ",P.G. Wodehouse,"Wodehouse, P.G.",,"=""""","=""""",4,4.43,Heron Books,Hardcover,399,1970,,2013/09/18,2013/05/10,,,read,,,,1,0
968,"The Da Vinci Code (Robert Langdon, #2)",Dan    Brown,"Brown, Dan",,"=""""","=""""",4,3.94,Anchor,Paperback,489,2006,2003,2013/09/18,2013/05/09,,,read,,,,1,0
1885,Pride and Prejudice,Jane Austen,"Austen, Jane",Anna Quindlen,"=""1441341706""","=""9781441341709""",3,4.30,Modern Library,Paperback,279,2023,1813,2013/09/18,2013/05/09,,,read,,,,1,0
19063,The Book Thief,Markus Zusak,"Zusak, Markus",,"=""""","=""""",4,4.39,Alfred A. Knopf,Kindle Edition,592,2006,2005,2013/09/18,2013/09/03,,,read,,,,1,0
136167,The Other Side of Midnight (Midnight #1),Sidney Sheldon,"Sheldon, Sidney",,"=""0440060672""","=""9780440060673""",3,3.96,"Dell Publishing Co., Inc.",Mass Market Paperback,462,1975,1973,2013/09/18,2013/05/09,,,read,,,,1,0
7913305,"The Immortals of Meluha (Shiva Trilogy, #1)",Amish Tripathi,"Tripathi, Amish",,"=""""","=""""",3,4.14,Westland ,Paperback,436,2010,2010,2013/09/18,2013/05/09,,,read,,,,1,0
305234,"Wicked Lovely (Wicked Lovely, #1)",Melissa Marr,"Marr, Melissa",,"=""0061214655""","=""9780061214653""",3,3.70,HarperTeen,Hardcover,328,2007,2007,2013/09/18,2013/05/09,,,read,,,,1,0
3869,A Brief History of Time,Stephen W. Hawking,"Hawking, Stephen W.",,"=""0553380168""","=""9780553380163""",5,4.21,Bantam Books,Paperback,226,1998,1988,2013/09/18,2013/05/09,favorites,favorites (#3),read,,,,1,0
16305,"Evil Under the Sun (Hercule Poirot, #24)",Agatha Christie,"Christie, Agatha",,"=""1579126286""","=""9781579126285""",3,3.98,Black Dog & Leventhal Pub,Hardcover,220,2006,1941,2013/09/18,2013/05/15,,,read,,,,1,0
17212231,"Inferno (Robert Langdon, #4)",Dan    Brown,"Brown, Dan",,"=""0385537859""","=""9780385537858""",4,3.90,Doubleday,Hardcover,463,2013,2013,2013/09/18,2013/08/21,,,read,,,,1,0
5107,The Catcher in the Rye,J.D. Salinger,"Salinger, J.D.",,"=""0316769177""","=""9780316769174""",4,3.80,Back Bay Books,Paperback,277,2001,1951,2013/09/18,2013/05/09,,,read,,,,1,0
8698,"So Long, and Thanks for All the Fish (Hitchhiker's Guide to the Galaxy, #4)",Douglas Adams,"Adams, Douglas",,"=""0330491237""","=""9780330491235""",4,4.08,Non Basic Stock Line,Paperback,167,2002,1984,2013/09/18,2013/05/09,,,read,,,,1,0
2321296,"Ink Exchange (Wicked Lovely, #2)",Melissa Marr,"Marr, Melissa",,"=""006121468X""","=""9780061214684""",3,3.70,HarperTeen,Hardcover,325,2008,2008,2013/09/18,2013/05/09,,,read,,,,1,0
15881,"Harry Potter and the Chamber of Secrets (Harry Potter, #2)",J.K. Rowling,"Rowling, J.K.",Mary GrandPré,"=""""","=""""",4,4.43,Arthur A. Levine Books,Hardcover,352,1999,1998,2013/09/18,2013/05/09,,,read,,,,1,0
128029,A Thousand Splendid Suns,Khaled Hosseini,"Hosseini, Khaled",,"=""1594489505""","=""9781594489501""",3,4.46,Riverhead Books,Hardcover,372,2007,2007,2013/09/18,2013/05/09,,,read,,,,1,0
816720,The Witch of Portobello,Paulo Coelho,"Coelho, Paulo",,"=""0007251866""","=""9780007251865""",2,3.57,,Hardcover,320,2007,2006,2013/09/18,2013/05/15,,,read,,,,1,0
6411961,"The Lost Symbol (Robert Langdon, #3)",Dan    Brown,"Brown, Dan",,"=""0385504225""","=""9780385504225""",3,3.77,Doubleday,Hardcover,509,2009,2009,2013/09/18,2013/05/09,,,read,,,,1,0
4110198,"8th Confession (Women's Murder Club, #8)",James  Patterson,"Patterson, James",Maxine Paetro,"=""1846052580""","=""9781846052583""",2,4.08,Century,Hardcover,360,2009,2009,2013/09/18,2013/06/30,,,read,,,,1,0
38315,Fooled by Randomness: The Hidden Role of Chance in Life and in the Markets (Incerto),Nassim Nicholas Taleb,"Taleb, Nassim Nicholas",,"=""0812975219""","=""9780812975215""",4,4.08,Random House Trade Paperbacks,Paperback,368,2005,2001,2013/09/18,2013/05/09,favorites,favorites (#1),read,,,,1,0
4364,Maximum City: Bombay Lost and Found,Suketu Mehta,"Mehta, Suketu",,"=""0375703403""","=""9780375703409""",4,3.95,Vintage,Paperback,542,2005,2004,2013/09/18,2013/05/09,,,read,,,,1,0
274942,The Family,Mario Puzo,"Puzo, Mario",Carol Gino,"=""0061032425""","=""9780061032424""",3,3.86,Avon,Mass Market Paperback,418,2002,2001,2013/09/18,2013/05/09,,,read,,,,1,0
22034,"The Godfather (The Godfather, #1)",Mario Puzo,"Puzo, Mario","Robert Thompson, Peter Bart","=""""","=""""",4,4.40,NAL,Paperback,428,2002,1969,2013/09/18,2013/05/09,,,read,,,,1,0
16375,"Jeeves and the Feudal Spirit (Jeeves, #11)",P.G. Wodehouse,"Wodehouse, P.G.",,"=""1585672297""","=""9781585672295""",3,4.24,The Overlook Press,Hardcover,231,2002,1954,2013/09/18,2013/05/21,,,read,,,,1,0
97013,Joy: The Happiness That Comes from Within (Insights for a New Way of Living),Osho,"Osho, Osho",,"=""0312320744""","=""9780312320744""",4,4.18,Griffin,Paperback,174,2004,2004,2013/09/18,2013/05/09,,,read,,,,1,0
136251,"Harry Potter and the Deathly Hallows (Harry Potter, #7)",J.K. Rowling,"Rowling, J.K.",,"=""""","=""""",4,4.62,Arthur A. Levine Books,Hardcover,759,2007,2007,2013/09/18,2013/05/09,,,read,,,,1,0
14554,"If Tomorrow Comes (Tracy Whitney, #1)",Sidney Sheldon,"Sheldon, Sidney",,"=""0006479677""","=""9780006479673""",3,4.08,"William Morrow and Co., Inc.",Hardcover,501,1985,1985,2013/09/18,2013/05/09,,,read,,,,1,0
829955,The Namesake,Jhumpa Lahiri,"Lahiri, Jhumpa",Sarita Choudhury,"=""0739341367""","=""9780739341360""",4,4.02,Random House Audio,Audio CD,9,2006,2003,2013/09/18,2013/05/09,,,read,,,,1,0
2196912,Into the Silent Land: Travels in Neuropsychology,Paul Broks,"Broks, Paul",,"=""0871139014""","=""9780871139016""",5,3.91,Atlantic Monthly Pr,Hardcover,208,2003,2003,2013/09/18,2013/05/09,favorites,favorites (#6),read,"I remember buying this book, without knowing even its genre. I am glad I bought it, it has been one of my favorite book since last many years now.",,,1,0
105578,One Night at the Call Center,Chetan Bhagat,"Bhagat, Chetan",,"=""0345498321""","=""9780345498328""",3,2.54,Ballantine Books,Paperback,320,2007,2005,2013/09/18,2013/05/09,,,read,,,,1,0
22028,Omerta (The Godfather),Mario Puzo,"Puzo, Mario",,"=""0345432401""","=""9780345432407""",3,3.78,Ballantine Books,Mass Market Paperback,369,2001,2000,2013/09/18,2013/05/09,,,read,,,,1,0
168668,Catch-22,Joseph Heller,"Heller, Joseph",,"=""0684833395""","=""9780684833392""",5,3.99,Simon & Schuster ,Paperback,453,2004,1961,2013/09/18,2013/05/09,favorites,favorites (#5),read,,,,1,0
575715,"Anything for You, Ma'am: An IITian's Love Story",Raheja Tushar,"Tushar, Raheja",,"=""8188575860""","=""9788188575862""",2,2.93,Srishti Publishers & Distributors,Paperback,256,2006,2006,2013/09/18,2013/05/15,,,read,,,,1,0
5,"Harry Potter and the Prisoner of Azkaban (Harry Potter, #3)",J.K. Rowling,"Rowling, J.K.",Mary GrandPré,"=""043965548X""","=""9780439655484""",3,4.58,Scholastic Inc.,Mass Market Paperback,547,2004,1999,2013/09/18,2013/05/09,,,read,,,,1,0
2122,The Fountainhead,Ayn Rand,"Rand, Ayn",Leonard Peikoff,"=""""","=""""",3,3.89,Signet Book,Mass Market Paperback,704,1996,1943,2013/09/18,2013/05/09,,,read,,,,1,0
78971,False Impression,Jeffrey Archer,"Archer, Jeffrey",,"=""0312939779""","=""9780312939779""",3,3.92,St. Martin's Press,Mass Market Paperback,538,2006,2005,2013/09/18,2013/05/09,,,read,,,,1,0
478147,The Celestial Bed,Irving Wallace,"Wallace, Irving",,"=""0440111447""","=""9780440111443""",3,3.25,Dell Pub Co,Paperback,0,1988,1987,2013/09/18,2013/05/15,,,read,,,,1,0
364089,The Last Don,Mario Puzo,"Puzo, Mario",,"=""0345412214""","=""9780345412218""",3,3.91,Ballantine Books,Mass Market Paperback,512,1997,1996,2013/09/18,2013/05/09,,,read,,,,1,0
8694,"Life, the Universe and Everything (The Hitchhiker's Guide to the Galaxy, #3)",Douglas Adams,"Adams, Douglas",,"=""0345418905""","=""9780345418906""",4,4.16,Random House Worlds,Paperback,224,1997,1982,2013/09/18,2013/05/09,,,read,,,,1,0
41865,"Twilight (The Twilight Saga, #1)",Stephenie Meyer,"Meyer, Stephenie",,"=""0316015849""","=""9780316015844""",2,3.67,"Little, Brown and Company",Paperback,498,2006,2005,2013/09/18,2013/05/09,,,read,,,,1,0
3320520,The 3 Mistakes of My Life,Chetan Bhagat,"Bhagat, Chetan",,"=""8129113724""","=""9788129113726""",2,3.07,Rupa & Co.,Paperback,258,2008,2008,2013/09/18,2013/05/09,,,read,,,,1,0
77203,The Kite Runner,Khaled Hosseini,"Hosseini, Khaled",,"=""159463193X""","=""9781594631931""",4,4.36,Riverhead Books,Paperback,371,2004,2003,2013/09/18,2013/05/09,,,read,,,,1,0
3,"Harry Potter and the Sorcerer's Stone (Harry Potter, #1)",J.K. Rowling,"Rowling, J.K.",,"=""0439554934""","=""9780439554930""",4,4.47,Scholastic Inc,Hardcover,309,2003,1997,2013/09/18,2013/05/09,,,read,,,,1,0
627325,"The Case of the One-Eyed Witness (Perry Mason, #36)",Erle Stanley Gardner,"Gardner, Erle Stanley",,"=""0345392256""","=""9780345392251""",2,3.90,Fawcett,Mass Market Paperback,240,1995,1950,2013/09/18,2013/05/09,,,read,,,,1,0
49596,"The Secret Adversary (Tommy and Tuppence Mysteries, #1)",Agatha Christie,"Christie, Agatha",,"=""1600963943""","=""9781600963940""",3,3.84,Waking Lion Press,Paperback,266,2007,1922,2013/09/18,2013/05/15,,,read,,,,1,0
6969361,2 States: The Story of My Marriage,Chetan Bhagat,"Bhagat, Chetan",,"=""8129115301""","=""9788129115300""",3,3.44,Rupa & Co,Paperback,269,2009,2009,2013/09/18,2013/05/09,,,read,,,,1,0
41804,"I, Robot (Robot, #0.1)",Isaac Asimov,"Asimov, Isaac",,"=""0553803700""","=""9780553803709""",4,4.21,Bantam Books,Hardcover,224,2004,1950,2013/09/18,2013/05/09,,,read,,,,1,0
18035,"Right Ho, Jeeves (Jeeves, #6)",P.G. Wodehouse,"Wodehouse, P.G.",,"=""140690483X""","=""9781406904833""",4,4.29,Hard Press,Paperback,224,2006,1934,2013/09/18,2013/05/10,,,read,,,,1,0
124918,Airport,Arthur Hailey,"Hailey, Arthur",,"=""0425176088""","=""9780425176085""",3,4.00,Berkley,Mass Market Paperback,476,2000,1968,2013/09/18,2013/05/09,,,read,,,,1,0
1439569,"The Case of the Lonely Heiress (Perry Mason, #31)",Erle Stanley Gardner,"Gardner, Erle Stanley",,"=""0345310128""","=""9780345310125""",3,3.92,Ballantine Books,Mass Market Paperback,216,1983,1948,2013/09/18,2013/05/09,,,read,,,,1,0
53200,Black Holes and Baby Universes and Other Essays,Stephen W. Hawking,"Hawking, Stephen W.",,"=""0553374117""","=""9780553374117""",3,4.18,Bantam Books,Paperback,182,1994,1993,2013/09/18,2013/05/09,,,read,,,,1,0
6,"Harry Potter and the Goblet of Fire (Harry Potter, #4)",J.K. Rowling,"Rowling, J.K.",Mary GrandPré,"=""0439139597""","=""9780439139595""",3,4.57,Scholastic,Paperback,734,2002,2000,2013/09/18,2013/05/09,,,read,,,,1,0
7126,The Count of Monte Cristo,Alexandre Dumas,"Dumas, Alexandre",Robin Buss,"=""0140449264""","=""9780140449266""",4,4.33,Penguin Classics,Paperback,1276,2003,1844,2013/09/18,2013/05/09,,,read,,,,1,0
2174112,Oh Life! Relax Please,Sukhabodhanandha,"Sukhabodhanandha, Sukhabodhanandha",,"=""""","=""9788190149679""",3,4.09,Prasanna Trust,,242,2007,2007,2013/09/18,2013/05/15,,,read,,,,1,0
478145,The Miracle,Irving Wallace,"Wallace, Irving",,"=""0765353334""","=""9780765353337""",3,3.66,Forge Books,Mass Market Paperback,464,2005,1984,2013/09/18,2013/05/09,,,read,,,,1,0
10146,The Search: How Google and Its Rivals Rewrote the Rules of Business and Transformed Our Culture,John Battelle,"Battelle, John",,"=""1591840880""","=""9781591840886""",4,3.84,Portfolio Hardcover,Hardcover,320,2005,2005,2013/09/18,2013/05/15,,,read,,,,1,0
2094,A Briefer History of Time,Stephen W. Hawking,"Hawking, Stephen W.",Leonard Mlodinow,"=""0553804367""","=""9780553804362""",4,4.26,Bantam,Hardcover,176,2005,2005,2013/09/18,2013/05/09,,,read,,,,1,0
2493,The Time Machine,H.G. Wells,"Wells, H.G.","Carlo Pagetti, Greg Bear","=""""","=""""",3,3.89,Signet Classics,Paperback,118,2002,1895,2013/09/18,2013/05/09,,,read,,,,1,0
37447,The Inscrutable Americans,Anurag Mathur,"Mathur, Anurag",,"=""1577310241""","=""9781577310242""",3,3.27,New World Library,Paperback,250,1997,1991,2013/09/18,2013/05/15,,,read,,,,1,0
585539,The Second Lady,Irving Wallace,"Wallace, Irving",,"=""0752999729""","=""9780752999722""",3,3.92,PT. Gramedia Pustaka Utama,Paperback,341,1997,1980,2013/09/18,2013/05/09,,,read,,,,1,0
2657,To Kill a Mockingbird,Harper Lee,"Lee, Harper",,"=""0060935464""","=""9780060935467""",5,4.26,Harper Perennial Modern Classics ,Paperback,323,2006,1960,2013/09/18,2013/05/09,,,read,,,,1,0
7015495,The First P. G. Wodehouse Omnibus,P.G. Wodehouse,"Wodehouse, P.G.",,"=""""","=""""",4,4.58,Renaissance E Books,Nook,0,2006,1921,2013/09/18,2013/05/10,,,read,,,,1,0
5358,The Firm,Robin Waterfield,"Waterfield, Robin",John Grisham,"=""0582418275""","=""9780582418271""",3,4.07,Addison Wesley Publishing Company,Paperback,76,2000,1991,2013/09/18,2013/05/09,,,read,,,,1,0
1431,Veronika Decides to Die,Paulo Coelho,"Coelho, Paulo",Margaret Jull Costa,"=""""","=""""",3,3.74,Harper Perennial,Paperback,285,2006,1998,2013/09/18,2013/05/15,,,read,,,,1,0
23807,"The Silence of the Lambs  (Hannibal Lecter, #2)",Thomas  Harris,"Harris, Thomas",,"=""""","=""""",4,4.26,Arrow Books,Paperback,421,2002,1988,2013/09/18,2013/05/10,,,read,,,,1,0
124920,Hotel,Arthur Hailey,"Hailey, Arthur",,"=""0425176363""","=""9780425176368""",3,4.09,Berkley,Mass Market Paperback,480,2000,1965,2013/09/18,2013/05/09,,,read,,,,1,0
11827808,The Secret of the Nagas (Shiva Trilogy #2),Amish Tripathi,"Tripathi, Amish",,"=""""","=""""",4,4.11,Westland,Paperback,371,2011,2011,2013/09/18,2013/05/09,,,read,,,,1,0
2095,The Universe in a Nutshell,Stephen W. Hawking,"Hawking, Stephen W.",,"=""055380202X""","=""9780553802023""",5,4.19,Bantam,Hardcover,216,2001,2001,2013/09/18,2013/05/09,,,read,,,,1,0
43326,Tell Me Your Dreams,Sidney Sheldon,"Sheldon, Sidney",,"=""0446607207""","=""9780446607209""",3,3.99,Vision,Mass Market Paperback,384,1999,1998,2013/09/18,2013/05/09,,,read,,,,1,0
5544,"Surely You're Joking, Mr. Feynman!: Adventures of a Curious Character",Richard P. Feynman,"Feynman, Richard P.","Albert R. Hibbs, Ralph Leighton, Edward Hutchings","=""0393316041""","=""9780393316049""",4,4.26,W. W. Norton & Company,Paperback,397,1997,1985,2013/09/18,2013/05/09,favorites,favorites (#2),read,,,,1,0
1097445,"The Case of the Amorous Aunt (Perry Mason, #69)",Erle Stanley Gardner,"Gardner, Erle Stanley",,"=""0345378784""","=""9780345378781""",3,4.05,Fawcett,Paperback,185,1994,1963,2013/09/18,2013/05/15,,,read,,,,1,0
865,The Alchemist,Paulo Coelho,"Coelho, Paulo",Alan R. Clarke,"=""0061122416""","=""9780061122415""",3,3.92,HarperCollins,Paperback,197,1993,1988,2013/09/18,2013/05/15,,,read,,,,1,0
78982,"Not a Penny More, Not a Penny Less",Jeffrey Archer,"Archer, Jeffrey",,"=""0312997132""","=""9780312997137""",3,4.05,St. Martin's Paperbacks,Mass Market Paperback,305,2004,1976,2013/09/18,2013/05/09,,,read,,,,1,0
2213661,The Graveyard Book,Neil Gaiman,"Gaiman, Neil",Dave McKean,"=""0060530928""","=""9780060530921""",3,4.15,HarperCollins,Hardcover,312,2008,2008,2013/09/18,2013/05/09,,,read,,,,1,0
582623,The Almighty,Irving Wallace,"Wallace, Irving",,"=""0718122143""","=""9780718122140""",3,3.83,Doubleday,Hardcover,403,1983,1977,2013/09/18,2013/05/15,,,read,,,,1,0
1097444,"The Case of the Caretaker's Cat (Perry Mason, #7)",Erle Stanley Gardner,"Gardner, Erle Stanley",,"=""0345321561""","=""9780345321565""",3,4.01,Ballantine Books,Mass Market Paperback,218,1985,1935,2013/09/18,2013/05/09,,,read,,,,1,0
478143,The Fan Club,Irving Wallace,"Wallace, Irving",,"=""0304293695""","=""9780304293698""",3,3.49,Simon & Schuster,Hardcover,511,1974,1974,2013/09/18,2013/05/09,,,read,,,,1,0
2,"Harry Potter and the Order of the Phoenix (Harry Potter, #5)",J.K. Rowling,"Rowling, J.K.",Mary GrandPré,"=""0439686520""","=""9780439686525""",4,4.50,Scholastic Inc.,Paperback,870,2004,2003,2013/09/18,2013/05/09,,,read,,,,1,0
5152561,"Fragile Eternity (Wicked Lovely, #3)",Melissa Marr,"Marr, Melissa",,"=""006121471X""","=""9780061214714""",3,3.84,Bowen Press,Hardcover,389,2009,2009,2013/09/18,2013/05/09,,,read,"Am I the only Guy, who has read the book ? (Just Curious ) One of the very few books which had romantic tone to it and I was able to digest it without wanting to throw it ( better than twilight :) )<br/>",,,1,0
8695,"The Restaurant at the End of the Universe (The Hitchhiker's Guide to the Galaxy, #2)",Douglas Adams,"Adams, Douglas",,"=""""","=""""",5,4.20,Del Rey,Paperback,250,2005,1980,2013/02/03,2013/05/09,favorites,favorites (#4),read,"Because you are bombarded with lot of new information throughout the series its sometimes easy to lose track of the main story line. I think was probably the best book of the series, the one which had most crazy thoughts and made me laugh the most..",,,1,0
11,"The Hitchhiker’s Guide to the Galaxy (Hitchhiker's Guide to the Galaxy, #1)",Douglas Adams,"Adams, Douglas",,"=""""","=""""",5,4.22,Del Rey Books,Mass Market Paperback,216,2005,1979,2013/01/15,2013/05/09,,,read,I can't believe I waited so long to read this book. At times it gets just too bizarre and unrealistic. Author doesn't even try to make you believe it can be true. But the genius part of it is there and unparalleled. The series easily goes to one of my favorites.,,,1,0
7740803,Operation Karakoram,Arvind Nayar,"Nayar, Arvind",,"=""8129106469""","=""9788129106469""",4,2.76,Rupa,Paperback,360,2005,2005,2010/02/18,2013/05/15,,,read,"<br/>I find it weird that this book did not have any discussion or reviews. Granted, It is not best of the books even by an Indian author. But it is I find much better than other run on the mill Indian books.<br/><br/>This to me was like a Jeffery Archer /Sydney Sheldon book but based on/in India. <br/><br/><br/>",,,1,0
360,"Mostly Harmless (Hitchhiker's Guide to the Galaxy, #5)",Douglas Adams,"Adams, Douglas",,"=""""","=""""",3,3.96,Ballantine / Del Rey / Fawcett / Ivy,Mass Market Paperback,240,2000,1992,2013/05/11,2013/05/10,,,read,I concur with most of the reviews here..and it almost felt as if it wasn't written by the same person .<br/><br/>It did not provide complete sense of closure..Read through it just for sense of completion.<br/><br/>,,,1,0
13,"The Ultimate Hitchhiker’s Guide to the Galaxy (Hitchhiker's Guide to the Galaxy, #1-5)",Douglas Adams,"Adams, Douglas",,"=""0345453743""","=""9780345453747""",5,4.38,Del Rey Books,Paperback,815,2002,1996,,2013/05/09,,,read,,,,1,0
